Workbook
Name Alpha: Params!$B$4
Name Base: Params!$B$5
Name ConfMult: Params!$B$12
Name DivMult: Params!$B$11
Name HFA: Params!$B$6
Name KFloor: Params!$B$8
Name KMax: Params!$B$7
Name POMult_CC: Params!$B$15
Name POMult_DV: Params!$B$14
Name POMult_SB: Params!$B$16
Name POMult_WC: Params!$B$13
Name RestMajor: Params!$B$10
Name RestMinor: Params!$B$9

Sheet Instructions
A1: NFL Elo Template - one file per season
A3: This is a TEMPLATE. Never enter live data directly into this file - use File > Save As to make a copy
A4: named for the season (e.g. NFL_ELO_2024.xlsx), and enter that season's games into the copy.
A6: WHY ONE FILE PER SEASON
A7: Every formula only ever needs to see the games IN THIS FILE. There's no year-over-year buildup, so
A8: the file stays small and fast, and you always have one clean file per season to check against the
A9: Python database independently.
A11: STARTING A NEW SEASON (the Save As workflow)
A12: 1. Finish entering all of last season's games in last season's file. Check its Standings sheet.
A13: 2. Open THIS template (or last season's finished file - either works) and do File > Save As, naming
A14: it for the new season.
A15: 3. On the new file's Teams sheet, column G (PreseasonRating): for each team, paste the VALUE (not
... A57: - Deduping re-entered games - Excel won't stop you from typing the same game twice.

Sheet Params
A1: Elo engine parameters
A2: Matches engine.py's BASELINE_PARAMS exactly. Same for every season - carries over automatically when you Save As.
A3: Name | B3: Value | C3: Meaning
A4: Alpha | B4: 0.3 | C4: Season-to-season carry-over weight
A5: Base | B5: 1500 | C5: League-average / expansion-team rating
A6: HFA | B6: 72 | C6: Home field advantage, in Elo points
A7: KMax | B7: 46 | C7: K at the start of a team's season
A8: KFloor | B8: 36.2 | C8: K decays to this by the last game of the regular season
A9: RestMinor | B9: 6 | C9: Adjustment for a 1-4 day rest differential (short week)
A10: RestMajor | B10: 24 | C10: Adjustment for a 6+ day rest differential (bye week+)
A11: DivMult | B11: 1.1 | C11: Multiplier for divisional games
A12: ConfMult | B12: 1.02 | C12: Multiplier for conference (non-division) games
A13: POMult_WC | B13: 1.1 | C13: Playoff round multiplier - Wild Card
A14: POMult_DV | B14: 1.2 | C14: Playoff round multiplier - Divisional
A15: POMult_CC | B15: 1.35 | C15: Playoff round multiplier - Conference Championship
A16: POMult_SB | B16: 1.5 | C16: Playoff round multiplier - Super Bowl
A18: Regular-season length rule (built into the Games table): 17 games if Season>=2021, else 16.

Sheet Teams
A1: Team reference
A2: PreseasonRating (col G) is this team's Elo going into THIS season.
A3: First season ever for the league: leave every PreseasonRating at Base (1500).
A4: Every later season: open last season's finished file, copy each team's Rating from its Standings
A5: sheet, and paste the VALUES (not formulas) into the matching row here before entering this season's games.
A7: TeamID | B7: TeamName | C7: Conf | D7: Div | E7: Pre02Conf | F7: Pre02Div | G7: PreseasonRating
A8: ARI | B8: Arizona Cardinals | C8: NFC | D8: West | E8: NFC | F8: East | G8: 1500
A9: ATL | B9: Atlanta Falcons | C9: NFC | D9: South | E9: NFC | F9: West | G9: 1500
A10: BAL | B10: Baltimore Ravens | C10: AFC | D10: North | E10: AFC | F10: Central | G10: 1500
A11: BUF | B11: Buffalo Bills | C11: AFC | D11: East | E11: AFC | F11: East | G11: 1500
A12: CAR | B12: Carolina Panthers | C12: NFC | D12: South | E12: NFC | F12: West | G12: 1500
A13: CHI | B13: Chicago Bears | C13: NFC | D13: North | E13: NFC | F13: Central | G13: 1500
A14: CIN | B14: Cincinnati Bengals | C14: AFC | D14: North | E14: AFC | F14: Central | G14: 1500
A15: DAL | B15: Dallas Cowboys | C15: NFC | D15: East | E15: NFC | F15: East | G15: 1500
A16: DEN | B16: Denver Broncos | C16: AFC | D16: West | E16: AFC | F16: West | G16: 1500
A17: DET | B17: Detroit Lions | C17: NFC | D17: North | E17: NFC | F17: Central | G17: 1500
A18: GB | B18: Green Bay Packers | C18: NFC | D18: North | E18: NFC | F18: Central | G18: 1500
A19: TEN | B19: Houston Oilers | C19: AFC | D19: South | E19: AFC | F19: Central | G19: 1500
... A37: WAS | B37: Washington Redskins | C37: NFC | D37: East | E37: NFC | F37: East | G37: 1500

Sheet Games
A1: Date | B1: Season | C1: Type | D1: Round | E1: Team | F1: Opponent | G1: HomeAway | H1: PointsFor | I1: PointsAgainst | J1: OT | K1: Conf | L1: OppConf | M1: Div | N1: OppDiv | O1: ConfG | P1: DivG | Q1: SeasonStart | R1: Week | S1: GamesPlayed | T1: PrevWeekTeam | U1: PrevWeekOpp | V1: DaysOff | W1: OppDaysOff | X1: RestAdj | Y1: PreGmRate | Z1: OppPreGmRate | AA1: ExpectedWin | AB1: MOV | AC1: Result | AD1: Accuracy | AE1: Test | AF1: SeasonLen | AG1: K | AH1: MOVMult | AI1: POMult | AJ1: Keff | AK1: RatingChange | AL1: PostGmRate | AM1: W | AN1: L | AO1: T
A2: 35309 | B2: 1996 | C2: R | D2: RS | E2: CAR | F2: ATL | G2: H | H2: 29 | I2: 6 | J2: 0 | K2: =IF(Games[[#This Row],[Team]]="","",IF(Games[[#This Row],[Season]]>2001,IFERROR(INDEX(Teams[Conf],MATCH(Games[[#This Row],[Team]],Teams[TeamID],0)),"NEW"),IFERROR(INDEX(Teams[Pre02Conf],MATCH(Games[[#This Row],[Team]],Teams[TeamID],0)),"NEW"))) -> NFC | L2: =IF(Games[[#This Row],[Team]]="","",IF(Games[[#This Row],[Season]]>2001,IFERROR(INDEX(Teams[Conf],MATCH(Games[[#This Row],[Opponent]],Teams[TeamID],0)),"NEW"),IFERROR(INDEX(Teams[Pre02Conf],MATCH(Games[[#This Row],[Opponent]],Teams[TeamID],0)),"NEW"))) -> NFC | M2: =IF(Games[[#This Row],[Team]]="","",IF(Games[[#This Row],[Season]]>2001,IFERROR(INDEX(Teams[Div],MATCH(Games[[#This Row],[Team]],Teams[TeamID],0)),"NEW"),IFERROR(INDEX(Teams[Pre02Div],MATCH(Games[[#This Row],[Team]],Teams[TeamID],0)),"NEW"))) -> West | N2: =IF(Games[[#This Row],[Team]]="","",IF(Games[[#This Row],[Season]]>2001,IFERROR(INDEX(Teams[Div],MATCH(Games[[#This Row],[Opponent]],Teams[TeamID],0)),"NEW"),IFERROR(INDEX(Teams[Pre02Div],MATCH(Games[[#This Row],[Opponent]],Teams[TeamID],0)),"NEW"))) -> West | O2: =IF(Games[[#This Row],[Team]]="","",IF(Games[[#This Row],[Conf]]=Games[[#This Row],[OppConf]],1,0)) -> 1 | P2: =IF(Games[[#This Row],[Team]]="","",IF(AND(Games[[#This Row],[Conf]]=Games[[#This Row],[OppConf]],Games[[#This Row],[Div]]=Games[[#This Row],[OppDiv]]),1,0)) -> 1 | Q2: =IF(Games[[#This Row],[Team]]="","",_xlfn.MINIFS(Games[Date],Games[Season],Games[[#This Row],[Season]])) -> 35309 | R2: =IF(Games[[#This Row],[Team]]="","",INT((Games[[#This Row],[Date]]-(Games[[#This Row],[SeasonStart]]-MOD(WEEKDAY(Games[[#This Row],[SeasonStart]],2)-2,7)))/7)+1) -> 1 | S2: =IF(Games[[#This Row],[Team]]="","",COUNTIFS(Games[Team],Games[[#This Row],[Team]],Games[Season],Games[[#This Row],[Season]],Games[Week],"<="&Games[[#This Row],[Week]])) -> 1 | T2: =IF(Games[[#This Row],[Team]]="","",_xlfn.MAXIFS(Games[Week],Games[Team],Games[[#This Row],[Team]],Games[Season],Games[[#This Row],[Season]],Games[Week],"<"&Games[[#This Row],[Week]])) -> 0 | U2: =IF(Games[[#This Row],[Team]]="","",_xlfn.MAXIFS(Games[Week],Games[Team],Games[[#This Row],[Opponent]],Games[Season],Games[[#This Row],[Season]],Games[Week],"<"&Games[[#This Row],[Week]])) -> 0 | V2: =IF(Games[[#This Row],[Team]]="","",IF(Games[[#This Row],[PrevWeekTeam]]=0,"",Games[[#This Row],[Date]]-SUMIFS(Games[Date],Games[Team],Games[[#This Row],[Team]],Games[Season],Games[[#This Row],[Season]],Games[Week],Games[[#This Row],[PrevWeekTeam]]))) | W2: =IF(Games[[#This Row],[Team]]="","",IF(Games[[#This Row],[PrevWeekOpp]]=0,"",Games[[#This Row],[Date]]-SUMIFS(Games[Date],Games[Team],Games[[#This Row],[Opponent]],Games[Season],Games[[#This Row],[Season]],Games[Week],Games[[#This Row],[PrevWeekOpp]]))) | X2: =IF(Games[[#This Row],[Team]]="","",IF(OR(Games[[#This Row],[DaysOff]]="",Games[[#This Row],[OppDaysOff]]=""),0,IF(Games[[#This Row],[DaysOff]]-Games[[#This Row],[OppDaysOff]]=0,0,IF(ABS(Games[[#This Row],[DaysOff]]-Games[[#This Row],[OppDaysOff]])>=6,IF(Games[[#This Row],[DaysOff]]-Games[[#This Row],[OppDaysOff]]>0,RestMajor,-RestMajor),IF(Games[[#This Row],[DaysOff]]-Games[[#This Row],[OppDaysOff]]>0,RestMinor,-RestMinor))))) -> 0 | Y2: =IF(Games[[#This Row],[Team]]="","",IF(Games[[#This Row],[PrevWeekTeam]]>0,SUMIFS(Games[PostGmRate],Games[Team],Games[[#This Row],[Team]],Games[Season],Games[[#This Row],[Season]],Games[Week],Games[[#This Row],[PrevWeekTeam]]),Alpha*IFERROR(INDEX(Teams[PreseasonRating],MATCH(Games[[#This Row],[Team]],Teams[TeamID],0)),Base)+(1-Alpha)*Base)) -> 1500 | Z2: =IF(Games[[#This Row],[Team]]="","",IF(Games[[#This Row],[PrevWeekOpp]]>0,SUMIFS(Games[PostGmRate],Games[Team],Games[[#This Row],[Opponent]],Games[Season],Games[[#This Row],[Season]],Games[Week],Games[[#This Row],[PrevWeekOpp]]),Alpha*IFERROR(INDEX(Teams[PreseasonRating],MATCH(Games[[#This Row],[Opponent]],Teams[TeamID],0)),Base)+(1-Alpha)*Base)) -> 1500 | AA2: =IF(Games[[#This Row],[Team]]="","",1/(1+10^(((Games[[#This Row],[OppPreGmRate]]+IF(Games[[#This Row],[HomeAway]]="A",HFA-Games[[#This Row],[RestAdj]],0))-(Games[[#This Row],[PreGmRate]]+IF(Games[[#This Row],[HomeAway]]="H",HFA+Games[[#This Row],[RestAdj]],0)))/400))) -> 0.60215809 | AB2: =IF(Games[[#This Row],[Team]]="","",Games[[#This Row],[PointsFor]]-Games[[#This Row],[PointsAgainst]]) -> 23 | AC2: =IF(Games[[#This Row],[Team]]="","",IF(Games[[#This Row],[MOV]]>0,1,IF(Games[[#This Row],[MOV]]=0,0.5,0))) -> 1 | AD2: =IF(Games[[#This Row],[Team]]="","",--(OR(AND(Games[[#This Row],[ExpectedWin]]>=0.5,Games[[#This Row],[Result]]=1),AND(Games[[#This Row],[ExpectedWin]]<0.5,Games[[#This Row],[Result]]=0)))) -> 1 | AE2: =IF(Games[[#This Row],[Team]]="","",-(Games[[#This Row],[Result]]*LN(Games[[#This Row],[ExpectedWin]])+(1-Games[[#This Row],[Result]])*LN(1-Games[[#This Row],[ExpectedWin]]))) -> 0.50723525 | AF2: =IF(Games[[#This Row],[Team]]="","",IF(Games[[#This Row],[Season]]>=2021,17,16)) -> 16 | AG2: =IF(Games[[#This Row],[Team]]="","",KMax-(KMax-KFloor)*MIN(Games[[#This Row],[GamesPlayed]],Games[[#This Row],[SeasonLen]])/Games[[#This Row],[SeasonLen]]) -> 45.3875 | AH2: =IF(Games[[#This Row],[Team]]="","",((ABS(Games[[#This Row],[MOV]])+3)^0.8)/(7.5+0.006*ABS(Games[[#This Row],[PreGmRate]]-Games[[#This Row],[OppPreGmRate]]))*IF(Games[[#This Row],[OT]]=1,0.7,1)) -> 1.8068305 | AI2: =IF(Games[[#This Row],[Team]]="","",IF(Games[[#This Row],[Type]]="P",_xlfn.IFS(Games[[#This Row],[Round]]="WC",POMult_WC,Games[[#This Row],[Round]]="DV",POMult_DV,Games[[#This Row],[Round]]="CC",POMult_CC,Games[[#This Row],[Round]]="SB",POMult_SB,TRUE,1),1)) -> 1 | AJ2: =IF(Games[[#This Row],[Team]]="","",Games[[#This Row],[K]]*IF(Games[[#This Row],[DivG]]=1,DivMult,1)*IF(Games[[#This Row],[ConfG]]=1,ConfMult,1)*Games[[#This Row],[POMult]]) -> 50.924775 | AK2: =IF(Games[[#This Row],[Team]]="","",(Games[[#This Row],[Keff]]*Games[[#This Row],[MOVMult]])*(Games[[#This Row],[Result]]-Games[[#This Row],[ExpectedWin]])) -> 36.606403 | AL2: =IF(Games[[#This Row],[Team]]="","",Games[[#This Row],[PreGmRate]]+Games[[#This Row],[RatingChange]]) -> 1536.6064 | AM2: =IF(Games[[#This Row],[Team]]="","",IF(Games[[#This Row],[Type]]="R",IF(Games[[#This Row],[Result]]>0.5,1,0),0)) -> 1 | AN2: =IF(Games[[#This Row],[Team]]="","",IF(Games[[#This Row],[Type]]="R",IF(Games[[#This Row],[Result]]<0.5,1,0),0)) -> 0 | AO2: =IF(Games[[#This Row],[Team]]="","",IF(Games[[#This Row],[Type]]="R",IF(Games[[#This Row],[Result]]=0.5,1,0),0)) -> 0
A3: 35309 | B3: 1996 | C3: R | D3: RS | E3: ATL | F3: CAR | G3: A | H3: 6 | I3: 29 | J3: 0 | K3: =IF(Games[[#This Row],[Team]]="","",IF(Games[[#This Row],[Season]]>2001,IFERROR(INDEX(Teams[Conf],MATCH(Games[[#This Row],[Team]],Teams[TeamID],0)),"NEW"),IFERROR(INDEX(Teams[Pre02Conf],MATCH(Games[[#This Row],[Team]],Teams[TeamID],0)),"NEW"))) -> NFC | L3: =IF(Games[[#This Row],[Team]]="","",IF(Games[[#This Row],[Season]]>2001,IFERROR(INDEX(Teams[Conf],MATCH(Games[[#This Row],[Opponent]],Teams[TeamID],0)),"NEW"),IFERROR(INDEX(Teams[Pre02Conf],MATCH(Games[[#This Row],[Opponent]],Teams[TeamID],0)),"NEW"))) -> NFC | M3: =IF(Games[[#This Row],[Team]]="","",IF(Games[[#This Row],[Season]]>2001,IFERROR(INDEX(Teams[Div],MATCH(Games[[#This Row],[Team]],Teams[TeamID],0)),"NEW"),IFERROR(INDEX(Teams[Pre02Div],MATCH(Games[[#This Row],[Team]],Teams[TeamID],0)),"NEW"))) -> West | N3: =IF(Games[[#This Row],[Team]]="","",IF(Games[[#This Row],[Season]]>2001,IFERROR(INDEX(Teams[Div],MATCH(Games[[#This Row],[Opponent]],Teams[TeamID],0)),"NEW"),IFERROR(INDEX(Teams[Pre02Div],MATCH(Games[[#This Row],[Opponent]],Teams[TeamID],0)),"NEW"))) -> West | O3: =IF(Games[[#This Row],[Team]]="","",IF(Games[[#This Row],[Conf]]=Games[[#This Row],[OppConf]],1,0)) -> 1 | P3: =IF(Games[[#This Row],[Team]]="","",IF(AND(Games[[#This Row],[Conf]]=Games[[#This Row],[OppConf]],Games[[#This Row],[Div]]=Games[[#This Row],[OppDiv]]),1,0)) -> 1 | Q3: =IF(Games[[#This Row],[Team]]="","",_xlfn.MINIFS(Games[Date],Games[Season],Games[[#This Row],[Season]])) -> 35309 | R3: =IF(Games[[#This Row],[Team]]="","",INT((Games[[#This Row],[Date]]-(Games[[#This Row],[SeasonStart]]-MOD(WEEKDAY(Games[[#This Row],[SeasonStart]],2)-2,7)))/7)+1) -> 1 | S3: =IF(Games[[#This Row],[Team]]="","",COUNTIFS(Games[Team],Games[[#This Row],[Team]],Games[Season],Games[[#This Row],[Season]],Games[Week],"<="&Games[[#This Row],[Week]])) -> 1 | T3: =IF(Games[[#This Row],[Team]]="","",_xlfn.MAXIFS(Games[Week],Games[Team],Games[[#This Row],[Team]],Games[Season],Games[[#This Row],[Season]],Games[Week],"<"&Games[[#This Row],[Week]])) -> 0 | U3: =IF(Games[[#This Row],[Team]]="","",_xlfn.MAXIFS(Games[Week],Games[Team],Games[[#This Row],[Opponent]],Games[Season],Games[[#This Row],[Season]],Games[Week],"<"&Games[[#This Row],[Week]])) -> 0 | V3: =IF(Games[[#This Row],[Team]]="","",IF(Games[[#This Row],[PrevWeekTeam]]=0,"",Games[[#This Row],[Date]]-SUMIFS(Games[Date],Games[Team],Games[[#This Row],[Team]],Games[Season],Games[[#This Row],[Season]],Games[Week],Games[[#This Row],[PrevWeekTeam]]))) | W3: =IF(Games[[#This Row],[Team]]="","",IF(Games[[#This Row],[PrevWeekOpp]]=0,"",Games[[#This Row],[Date]]-SUMIFS(Games[Date],Games[Team],Games[[#This Row],[Opponent]],Games[Season],Games[[#This Row],[Season]],Games[Week],Games[[#This Row],[PrevWeekOpp]]))) | X3: =IF(Games[[#This Row],[Team]]="","",IF(OR(Games[[#This Row],[DaysOff]]="",Games[[#This Row],[OppDaysOff]]=""),0,IF(Games[[#This Row],[DaysOff]]-Games[[#This Row],[OppDaysOff]]=0,0,IF(ABS(Games[[#This Row],[DaysOff]]-Games[[#This Row],[OppDaysOff]])>=6,IF(Games[[#This Row],[DaysOff]]-Games[[#This Row],[OppDaysOff]]>0,RestMajor,-RestMajor),IF(Games[[#This Row],[DaysOff]]-Games[[#This Row],[OppDaysOff]]>0,RestMinor,-RestMinor))))) -> 0 | Y3: =IF(Games[[#This Row],[Team]]="","",IF(Games[[#This Row],[PrevWeekTeam]]>0,SUMIFS(Games[PostGmRate],Games[Team],Games[[#This Row],[Team]],Games[Season],Games[[#This Row],[Season]],Games[Week],Games[[#This Row],[PrevWeekTeam]]),Alpha*IFERROR(INDEX(Teams[PreseasonRating],MATCH(Games[[#This Row],[Team]],Teams[TeamID],0)),Base)+(1-Alpha)*Base)) -> 1500 | Z3: =IF(Games[[#This Row],[Team]]="","",IF(Games[[#This Row],[PrevWeekOpp]]>0,SUMIFS(Games[PostGmRate],Games[Team],Games[[#This Row],[Opponent]],Games[Season],Games[[#This Row],[Season]],Games[Week],Games[[#This Row],[PrevWeekOpp]]),Alpha*IFERROR(INDEX(Teams[PreseasonRating],MATCH(Games[[#This Row],[Opponent]],Teams[TeamID],0)),Base)+(1-Alpha)*Base)) -> 1500 | AA3: =IF(Games[[#This Row],[Team]]="","",1/(1+10^(((Games[[#This Row],[OppPreGmRate]]+IF(Games[[#This Row],[HomeAway]]="A",HFA-Games[[#This Row],[RestAdj]],0))-(Games[[#This Row],[PreGmRate]]+IF(Games[[#This Row],[HomeAway]]="H",HFA+Games[[#This Row],[RestAdj]],0)))/400))) -> 0.39784191 | AB3: =IF(Games[[#This Row],[Team]]="","",Games[[#This Row],[PointsFor]]-Games[[#This Row],[PointsAgainst]]) -> -23 | AC3: =IF(Games[[#This Row],[Team]]="","",IF(Games[[#This Row],[MOV]]>0,1,IF(Games[[#This Row],[MOV]]=0,0.5,0))) -> 0 | AD3: =IF(Games[[#This Row],[Team]]="","",--(OR(AND(Games[[#This Row],[ExpectedWin]]>=0.5,Games[[#This Row],[Result]]=1),AND(Games[[#This Row],[ExpectedWin]]<0.5,Games[[#This Row],[Result]]=0)))) -> 1 | AE3: =IF(Games[[#This Row],[Team]]="","",-(Games[[#This Row],[Result]]*LN(Games[[#This Row],[ExpectedWin]])+(1-Games[[#This Row],[Result]])*LN(1-Games[[#This Row],[ExpectedWin]]))) -> 0.50723525 | AF3: =IF(Games[[#This Row],[Team]]="","",IF(Games[[#This Row],[Season]]>=2021,17,16)) -> 16 | AG3: =IF(Games[[#This Row],[Team]]="","",KMax-(KMax-KFloor)*MIN(Games[[#This Row],[GamesPlayed]],Games[[#This Row],[SeasonLen]])/Games[[#This Row],[SeasonLen]]) -> 45.3875 | AH3: =IF(Games[[#This Row],[Team]]="","",((ABS(Games[[#This Row],[MOV]])+3)^0.8)/(7.5+0.006*ABS(Games[[#This Row],[PreGmRate]]-Games[[#This Row],[OppPreGmRate]]))*IF(Games[[#This Row],[OT]]=1,0.7,1)) -> 1.8068305 | AI3: =IF(Games[[#This Row],[Team]]="","",IF(Games[[#This Row],[Type]]="P",_xlfn.IFS(Games[[#This Row],[Round]]="WC",POMult_WC,Games[[#This Row],[Round]]="DV",POMult_DV,Games[[#This Row],[Round]]="CC",POMult_CC,Games[[#This Row],[Round]]="SB",POMult_SB,TRUE,1),1)) -> 1 | AJ3: =IF(Games[[#This Row],[Team]]="","",Games[[#This Row],[K]]*IF(Games[[#This Row],[DivG]]=1,DivMult,1)*IF(Games[[#This Row],[ConfG]]=1,ConfMult,1)*Games[[#This Row],[POMult]]) -> 50.924775 | AK3: =IF(Games[[#This Row],[Team]]="","",(Games[[#This Row],[Keff]]*Games[[#This Row],[MOVMult]])*(Games[[#This Row],[Result]]-Games[[#This Row],[ExpectedWin]])) -> -36.606403 | AL3: =IF(Games[[#This Row],[Team]]="","",Games[[#This Row],[PreGmRate]]+Games[[#This Row],[RatingChange]]) -> 1463.3936 | AM3: =IF(Games[[#This Row],[Team]]="","",IF(Games[[#This Row],[Type]]="R",IF(Games[[#This Row],[Result]]>0.5,1,0),0)) -> 0 | AN3: =IF(Games[[#This Row],[Team]]="","",IF(Games[[#This Row],[Type]]="R",IF(Games[[#This Row],[Result]]<0.5,1,0),0)) -> 1 | AO3: =IF(Games[[#This Row],[Team]]="","",IF(Games[[#This Row],[Type]]="R",IF(Games[[#This Row],[Result]]=0.5,1,0),0)) -> 0
A4: 35309 | B4: 1996 | C4: R | D4: RS | E4: STL | F4: CIN | G4: H | H4: 26 | I4: 16 | J4: 0 | K4: =IF(Games[[#This Row],[Team]]="","",IF(Games[[#This Row],[Season]]>2001,IFERROR(INDEX(Teams[Conf],MATCH(Games[[#This Row],[Team]],Teams[TeamID],0)),"NEW"),IFERROR(INDEX(Teams[Pre02Conf],MATCH(Games[[#This Row],[Team]],Teams[TeamID],0)),"NEW"))) -> NFC | L4: =IF(Games[[#This Row],[Team]]="","",IF(Games[[#This Row],[Season]]>2001,IFERROR(INDEX(Teams[Conf],MATCH(Games[[#This Row],[Opponent]],Teams[TeamID],0)),"NEW"),IFERROR(INDEX(Teams[Pre02Conf],MATCH(Games[[#This Row],[Opponent]],Teams[TeamID],0)),"NEW"))) -> AFC | M4: =IF(Games[[#This Row],[Team]]="","",IF(Games[[#This Row],[Season]]>2001,IFERROR(INDEX(Teams[Div],MATCH(Games[[#This Row],[Team]],Teams[TeamID],0)),"NEW"),IFERROR(INDEX(Teams[Pre02Div],MATCH(Games[[#This Row],[Team]],Teams[TeamID],0)),"NEW"))) -> West | N4: =IF(Games[[#This Row],[Team]]="","",IF(Games[[#This Row],[Season]]>2001,IFERROR(INDEX(Teams[Div],MATCH(Games[[#This Row],[Opponent]],Teams[TeamID],0)),"NEW"),IFERROR(INDEX(Teams[Pre02Div],MATCH(Games[[#This Row],[Opponent]],Teams[TeamID],0)),"NEW"))) -> Central | O4: =IF(Games[[#This Row],[Team]]="","",IF(Games[[#This Row],[Conf]]=Games[[#This Row],[OppConf]],1,0)) -> 0 | P4: =IF(Games[[#This Row],[Team]]="","",IF(AND(Games[[#This Row],[Conf]]=Games[[#This Row],[OppConf]],Games[[#This Row],[Div]]=Games[[#This Row],[OppDiv]]),1,0)) -> 0 | Q4: =IF(Games[[#This Row],[Team]]="","",_xlfn.MINIFS(Games[Date],Games[Season],Games[[#This Row],[Season]])) -> 35309 | R4: =IF(Games[[#This Row],[Team]]="","",INT((Games[[#This Row],[Date]]-(Games[[#This Row],[SeasonStart]]-MOD(WEEKDAY(Games[[#This Row],[SeasonStart]],2)-2,7)))/7)+1) -> 1 | S4: =IF(Games[[#This Row],[Team]]="","",COUNTIFS(Games[Team],Games[[#This Row],[Team]],Games[Season],Games[[#This Row],[Season]],Games[Week],"<="&Games[[#This Row],[Week]])) -> 1 | T4: =IF(Games[[#This Row],[Team]]="","",_xlfn.MAXIFS(Games[Week],Games[Team],Games[[#This Row],[Team]],Games[Season],Games[[#This Row],[Season]],Games[Week],"<"&Games[[#This Row],[Week]])) -> 0 | U4: =IF(Games[[#This Row],[Team]]="","",_xlfn.MAXIFS(Games[Week],Games[Team],Games[[#This Row],[Opponent]],Games[Season],Games[[#This Row],[Season]],Games[Week],"<"&Games[[#This Row],[Week]])) -> 0 | V4: =IF(Games[[#This Row],[Team]]="","",IF(Games[[#This Row],[PrevWeekTeam]]=0,"",Games[[#This Row],[Date]]-SUMIFS(Games[Date],Games[Team],Games[[#This Row],[Team]],Games[Season],Games[[#This Row],[Season]],Games[Week],Games[[#This Row],[PrevWeekTeam]]))) | W4: =IF(Games[[#This Row],[Team]]="","",IF(Games[[#This Row],[PrevWeekOpp]]=0,"",Games[[#This Row],[Date]]-SUMIFS(Games[Date],Games[Team],Games[[#This Row],[Opponent]],Games[Season],Games[[#This Row],[Season]],Games[Week],Games[[#This Row],[PrevWeekOpp]]))) | X4: =IF(Games[[#This Row],[Team]]="","",IF(OR(Games[[#This Row],[DaysOff]]="",Games[[#This Row],[OppDaysOff]]=""),0,IF(Games[[#This Row],[DaysOff]]-Games[[#This Row],[OppDaysOff]]=0,0,IF(ABS(Games[[#This Row],[DaysOff]]-Games[[#This Row],[OppDaysOff]])>=6,IF(Games[[#This Row],[DaysOff]]-Games[[#This Row],[OppDaysOff]]>0,RestMajor,-RestMajor),IF(Games[[#This Row],[DaysOff]]-Games[[#This Row],[OppDaysOff]]>0,RestMinor,-RestMinor))))) -> 0 | Y4: =IF(Games[[#This Row],[Team]]="","",IF(Games[[#This Row],[PrevWeekTeam]]>0,SUMIFS(Games[PostGmRate],Games[Team],Games[[#This Row],[Team]],Games[Season],Games[[#This Row],[Season]],Games[Week],Games[[#This Row],[PrevWeekTeam]]),Alpha*IFERROR(INDEX(Teams[PreseasonRating],MATCH(Games[[#This Row],[Team]],Teams[TeamID],0)),Base)+(1-Alpha)*Base)) -> 1500 | Z4: =IF(Games[[#This Row],[Team]]="","",IF(Games[[#This Row],[PrevWeekOpp]]>0,SUMIFS(Games[PostGmRate],Games[Team],Games[[#This Row],[Opponent]],Games[Season],Games[[#This Row],[Season]],Games[Week],Games[[#This Row],[PrevWeekOpp]]),Alpha*IFERROR(INDEX(Teams[PreseasonRating],MATCH(Games[[#This Row],[Opponent]],Teams[TeamID],0)),Base)+(1-Alpha)*Base)) -> 1500 | AA4: =IF(Games[[#This Row],[Team]]="","",1/(1+10^(((Games[[#This Row],[OppPreGmRate]]+IF(Games[[#This Row],[HomeAway]]="A",HFA-Games[[#This Row],[RestAdj]],0))-(Games[[#This Row],[PreGmRate]]+IF(Games[[#This Row],[HomeAway]]="H",HFA+Games[[#This Row],[RestAdj]],0)))/400))) -> 0.60215809 | AB4: =IF(Games[[#This Row],[Team]]="","",Games[[#This Row],[PointsFor]]-Games[[#This Row],[PointsAgainst]]) -> 10 | AC4: =IF(Games[[#This Row],[Team]]="","",IF(Games[[#This Row],[MOV]]>0,1,IF(Games[[#This Row],[MOV]]=0,0.5,0))) -> 1 | AD4: =IF(Games[[#This Row],[Team]]="","",--(OR(AND(Games[[#This Row],[ExpectedWin]]>=0.5,Games[[#This Row],[Result]]=1),AND(Games[[#This Row],[ExpectedWin]]<0.5,Games[[#This Row],[Result]]=0)))) -> 1 | AE4: =IF(Games[[#This Row],[Team]]="","",-(Games[[#This Row],[Result]]*LN(Games[[#This Row],[ExpectedWin]])+(1-Games[[#This Row],[Result]])*LN(1-Games[[#This Row],[ExpectedWin]]))) -> 0.50723525 | AF4: =IF(Games[[#This Row],[Team]]="","",IF(Games[[#This Row],[Season]]>=2021,17,16)) -> 16 | AG4: =IF(Games[[#This Row],[Team]]="","",KMax-(KMax-KFloor)*MIN(Games[[#This Row],[GamesPlayed]],Games[[#This Row],[SeasonLen]])/Games[[#This Row],[SeasonLen]]) -> 45.3875 | AH4: =IF(Games[[#This Row],[Team]]="","",((ABS(Games[[#This Row],[MOV]])+3)^0.8)/(7.5+0.006*ABS(Games[[#This Row],[PreGmRate]]-Games[[#This Row],[OppPreGmRate]]))*IF(Games[[#This Row],[OT]]=1,0.7,1)) -> 1.0377516 | AI4: =IF(Games[[#This Row],[Team]]="","",IF(Games[[#This Row],[Type]]="P",_xlfn.IFS(Games[[#This Row],[Round]]="WC",POMult_WC,Games[[#This Row],[Round]]="DV",POMult_DV,Games[[#This Row],[Round]]="CC",POMult_CC,Games[[#This Row],[Round]]="SB",POMult_SB,TRUE,1),1)) -> 1 | AJ4: =IF(Games[[#This Row],[Team]]="","",Games[[#This Row],[K]]*IF(Games[[#This Row],[DivG]]=1,DivMult,1)*IF(Games[[#This Row],[ConfG]]=1,ConfMult,1)*Games[[#This Row],[POMult]]) -> 45.3875 | AK4: =IF(Games[[#This Row],[Team]]="","",(Games[[#This Row],[Keff]]*Games[[#This Row],[MOVMult]])*(Games[[#This Row],[Result]]-Games[[#This Row],[ExpectedWin]])) -> 18.738732 | AL4: =IF(Games[[#This Row],[Team]]="","",Games[[#This Row],[PreGmRate]]+Games[[#This Row],[RatingChange]]) -> 1518.7387 | AM4: =IF(Games[[#This Row],[Team]]="","",IF(Games[[#This Row],[Type]]="R",IF(Games[[#This Row],[Result]]>0.5,1,0),0)) -> 1 | AN4: =IF(Games[[#This Row],[Team]]="","",IF(Games[[#This Row],[Type]]="R",IF(Games[[#This Row],[Result]]<0.5,1,0),0)) -> 0 | AO4: =IF(Games[[#This Row],[Team]]="","",IF(Games[[#This Row],[Type]]="R",IF(Games[[#This Row],[Result]]=0.5,1,0),0)) -> 0
A5: 35309 | B5: 1996 | C5: R | D5: RS | E5: CIN | F5: STL | G5: A | H5: 16 | I5: 26 | J5: 0 | K5: =IF(Games[[#This Row],[Team]]="","",IF(Games[[#This Row],[Season]]>2001,IFERROR(INDEX(Teams[Conf],MATCH(Games[[#This Row],[Team]],Teams[TeamID],0)),"NEW"),IFERROR(INDEX(Teams[Pre02Conf],MATCH(Games[[#This Row],[Team]],Teams[TeamID],0)),"NEW"))) -> AFC | L5: =IF(Games[[#This Row],[Team]]="","",IF(Games[[#This Row],[Season]]>2001,IFERROR(INDEX(Teams[Conf],MATCH(Games[[#This Row],[Opponent]],Teams[TeamID],0)),"NEW"),IFERROR(INDEX(Teams[Pre02Conf],MATCH(Games[[#This Row],[Opponent]],Teams[TeamID],0)),"NEW"))) -> NFC | M5: =IF(Games[[#This Row],[Team]]="","",IF(Games[[#This Row],[Season]]>2001,IFERROR(INDEX(Teams[Div],MATCH(Games[[#This Row],[Team]],Teams[TeamID],0)),"NEW"),IFERROR(INDEX(Teams[Pre02Div],MATCH(Games[[#This Row],[Team]],Teams[TeamID],0)),"NEW"))) -> Central | N5: =IF(Games[[#This Row],[Team]]="","",IF(Games[[#This Row],[Season]]>2001,IFERROR(INDEX(Teams[Div],MATCH(Games[[#This Row],[Opponent]],Teams[TeamID],0)),"NEW"),IFERROR(INDEX(Teams[Pre02Div],MATCH(Games[[#This Row],[Opponent]],Teams[TeamID],0)),"NEW"))) -> West | O5: =IF(Games[[#This Row],[Team]]="","",IF(Games[[#This Row],[Conf]]=Games[[#This Row],[OppConf]],1,0)) -> 0 | P5: =IF(Games[[#This Row],[Team]]="","",IF(AND(Games[[#This Row],[Conf]]=Games[[#This Row],[OppConf]],Games[[#This Row],[Div]]=Games[[#This Row],[OppDiv]]),1,0)) -> 0 | Q5: =IF(Games[[#This Row],[Team]]="","",_xlfn.MINIFS(Games[Date],Games[Season],Games[[#This Row],[Season]])) -> 35309 | R5: =IF(Games[[#This Row],[Team]]="","",INT((Games[[#This Row],[Date]]-(Games[[#This Row],[SeasonStart]]-MOD(WEEKDAY(Games[[#This Row],[SeasonStart]],2)-2,7)))/7)+1) -> 1 | S5: =IF(Games[[#This Row],[Team]]="","",COUNTIFS(Games[Team],Games[[#This Row],[Team]],Games[Season],Games[[#This Row],[Season]],Games[Week],"<="&Games[[#This Row],[Week]])) -> 1 | T5: =IF(Games[[#This Row],[Team]]="","",_xlfn.MAXIFS(Games[Week],Games[Team],Games[[#This Row],[Team]],Games[Season],Games[[#This Row],[Season]],Games[Week],"<"&Games[[#This Row],[Week]])) -> 0 | U5: =IF(Games[[#This Row],[Team]]="","",_xlfn.MAXIFS(Games[Week],Games[Team],Games[[#This Row],[Opponent]],Games[Season],Games[[#This Row],[Season]],Games[Week],"<"&Games[[#This Row],[Week]])) -> 0 | V5: =IF(Games[[#This Row],[Team]]="","",IF(Games[[#This Row],[PrevWeekTeam]]=0,"",Games[[#This Row],[Date]]-SUMIFS(Games[Date],Games[Team],Games[[#This Row],[Team]],Games[Season],Games[[#This Row],[Season]],Games[Week],Games[[#This Row],[PrevWeekTeam]]))) | W5: =IF(Games[[#This Row],[Team]]="","",IF(Games[[#This Row],[PrevWeekOpp]]=0,"",Games[[#This Row],[Date]]-SUMIFS(Games[Date],Games[Team],Games[[#This Row],[Opponent]],Games[Season],Games[[#This Row],[Season]],Games[Week],Games[[#This Row],[PrevWeekOpp]]))) | X5: =IF(Games[[#This Row],[Team]]="","",IF(OR(Games[[#This Row],[DaysOff]]="",Games[[#This Row],[OppDaysOff]]=""),0,IF(Games[[#This Row],[DaysOff]]-Games[[#This Row],[OppDaysOff]]=0,0,IF(ABS(Games[[#This Row],[DaysOff]]-Games[[#This Row],[OppDaysOff]])>=6,IF(Games[[#This Row],[DaysOff]]-Games[[#This Row],[OppDaysOff]]>0,RestMajor,-RestMajor),IF(Games[[#This Row],[DaysOff]]-Games[[#This Row],[OppDaysOff]]>0,RestMinor,-RestMinor))))) -> 0 | Y5: =IF(Games[[#This Row],[Team]]="","",IF(Games[[#This Row],[PrevWeekTeam]]>0,SUMIFS(Games[PostGmRate],Games[Team],Games[[#This Row],[Team]],Games[Season],Games[[#This Row],[Season]],Games[Week],Games[[#This Row],[PrevWeekTeam]]),Alpha*IFERROR(INDEX(Teams[PreseasonRating],MATCH(Games[[#This Row],[Team]],Teams[TeamID],0)),Base)+(1-Alpha)*Base)) -> 1500 | Z5: =IF(Games[[#This Row],[Team]]="","",IF(Games[[#This Row],[PrevWeekOpp]]>0,SUMIFS(Games[PostGmRate],Games[Team],Games[[#This Row],[Opponent]],Games[Season],Games[[#This Row],[Season]],Games[Week],Games[[#This Row],[PrevWeekOpp]]),Alpha*IFERROR(INDEX(Teams[PreseasonRating],MATCH(Games[[#This Row],[Opponent]],Teams[TeamID],0)),Base)+(1-Alpha)*Base)) -> 1500 | AA5: =IF(Games[[#This Row],[Team]]="","",1/(1+10^(((Games[[#This Row],[OppPreGmRate]]+IF(Games[[#This Row],[HomeAway]]="A",HFA-Games[[#This Row],[RestAdj]],0))-(Games[[#This Row],[PreGmRate]]+IF(Games[[#This Row],[HomeAway]]="H",HFA+Games[[#This Row],[RestAdj]],0)))/400))) -> 0.39784191 | AB5: =IF(Games[[#This Row],[Team]]="","",Games[[#This Row],[PointsFor]]-Games[[#This Row],[PointsAgainst]]) -> -10 | AC5: =IF(Games[[#This Row],[Team]]="","",IF(Games[[#This Row],[MOV]]>0,1,IF(Games[[#This Row],[MOV]]=0,0.5,0))) -> 0 | AD5: =IF(Games[[#This Row],[Team]]="","",--(OR(AND(Games[[#This Row],[ExpectedWin]]>=0.5,Games[[#This Row],[Result]]=1),AND(Games[[#This Row],[ExpectedWin]]<0.5,Games[[#This Row],[Result]]=0)))) -> 1 | AE5: =IF(Games[[#This Row],[Team]]="","",-(Games[[#This Row],[Result]]*LN(Games[[#This Row],[ExpectedWin]])+(1-Games[[#This Row],[Result]])*LN(1-Games[[#This Row],[ExpectedWin]]))) -> 0.50723525 | AF5: =IF(Games[[#This Row],[Team]]="","",IF(Games[[#This Row],[Season]]>=2021,17,16)) -> 16 | AG5: =IF(Games[[#This Row],[Team]]="","",KMax-(KMax-KFloor)*MIN(Games[[#This Row],[GamesPlayed]],Games[[#This Row],[SeasonLen]])/Games[[#This Row],[SeasonLen]]) -> 45.3875 | AH5: =IF(Games[[#This Row],[Team]]="","",((ABS(Games[[#This Row],[MOV]])+3)^0.8)/(7.5+0.006*ABS(Games[[#This Row],[PreGmRate]]-Games[[#This Row],[OppPreGmRate]]))*IF(Games[[#This Row],[OT]]=1,0.7,1)) -> 1.0377516 | AI5: =IF(Games[[#This Row],[Team]]="","",IF(Games[[#This Row],[Type]]="P",_xlfn.IFS(Games[[#This Row],[Round]]="WC",POMult_WC,Games[[#This Row],[Round]]="DV",POMult_DV,Games[[#This Row],[Round]]="CC",POMult_CC,Games[[#This Row],[Round]]="SB",POMult_SB,TRUE,1),1)) -> 1 | AJ5: =IF(Games[[#This Row],[Team]]="","",Games[[#This Row],[K]]*IF(Games[[#This Row],[DivG]]=1,DivMult,1)*IF(Games[[#This Row],[ConfG]]=1,ConfMult,1)*Games[[#This Row],[POMult]]) -> 45.3875 | AK5: =IF(Games[[#This Row],[Team]]="","",(Games[[#This Row],[Keff]]*Games[[#This Row],[MOVMult]])*(Games[[#This Row],[Result]]-Games[[#This Row],[ExpectedWin]])) -> -18.738732 | AL5: =IF(Games[[#This Row],[Team]]="","",Games[[#This Row],[PreGmRate]]+Games[[#This Row],[RatingChange]]) -> 1481.2613 | AM5: =IF(Games[[#This Row],[Team]]="","",IF(Games[[#This Row],[Type]]="R",IF(Games[[#This Row],[Result]]>0.5,1,0),0)) -> 0 | AN5: =IF(Games[[#This Row],[Team]]="","",IF(Games[[#This Row],[Type]]="R",IF(Games[[#This Row],[Result]]<0.5,1,0),0)) -> 1 | AO5: =IF(Games[[#This Row],[Team]]="","",IF(Games[[#This Row],[Type]]="R",IF(Games[[#This Row],[Result]]=0.5,1,0),0)) -> 0
A6: 35309 | B6: 1996 | C6: R | D6: RS | E6: IND | F6: ARI | G6: H | H6: 20 | I6: 13 | J6: 0 | K6: =IF(Games[[#This Row],[Team]]="","",IF(Games[[#This Row],[Season]]>2001,IFERROR(INDEX(Teams[Conf],MATCH(Games[[#This Row],[Team]],Teams[TeamID],0)),"NEW"),IFERROR(INDEX(Teams[Pre02Conf],MATCH(Games[[#This Row],[Team]],Teams[TeamID],0)),"NEW"))) -> AFC | L6: =IF(Games[[#This Row],[Team]]="","",IF(Games[[#This Row],[Season]]>2001,IFERROR(INDEX(Teams[Conf],MATCH(Games[[#This Row],[Opponent]],Teams[TeamID],0)),"NEW"),IFERROR(INDEX(Teams[Pre02Conf],MATCH(Games[[#This Row],[Opponent]],Teams[TeamID],0)),"NEW"))) -> NFC | M6: =IF(Games[[#This Row],[Team]]="","",IF(Games[[#This Row],[Season]]>2001,IFERROR(INDEX(Teams[Div],MATCH(Games[[#This Row],[Team]],Teams[TeamID],0)),"NEW"),IFERROR(INDEX(Teams[Pre02Div],MATCH(Games[[#This Row],[Team]],Teams[TeamID],0)),"NEW"))) -> East | N6: =IF(Games[[#This Row],[Team]]="","",IF(Games[[#This Row],[Season]]>2001,IFERROR(INDEX(Teams[Div],MATCH(Games[[#This Row],[Opponent]],Teams[TeamID],0)),"NEW"),IFERROR(INDEX(Teams[Pre02Div],MATCH(Games[[#This Row],[Opponent]],Teams[TeamID],0)),"NEW"))) -> East | O6: =IF(Games[[#This Row],[Team]]="","",IF(Games[[#This Row],[Conf]]=Games[[#This Row],[OppConf]],1,0)) -> 0 | P6: =IF(Games[[#This Row],[Team]]="","",IF(AND(Games[[#This Row],[Conf]]=Games[[#This Row],[OppConf]],Games[[#This Row],[Div]]=Games[[#This Row],[OppDiv]]),1,0)) -> 0 | Q6: =IF(Games[[#This Row],[Team]]="","",_xlfn.MINIFS(Games[Date],Games[Season],Games[[#This Row],[Season]])) -> 35309 | R6: =IF(Games[[#This Row],[Team]]="","",INT((Games[[#This Row],[Date]]-(Games[[#This Row],[SeasonStart]]-MOD(WEEKDAY(Games[[#This Row],[SeasonStart]],2)-2,7)))/7)+1) -> 1 | S6: =IF(Games[[#This Row],[Team]]="","",COUNTIFS(Games[Team],Games[[#This Row],[Team]],Games[Season],Games[[#This Row],[Season]],Games[Week],"<="&Games[[#This Row],[Week]])) -> 1 | T6: =IF(Games[[#This Row],[Team]]="","",_xlfn.MAXIFS(Games[Week],Games[Team],Games[[#This Row],[Team]],Games[Season],Games[[#This Row],[Season]],Games[Week],"<"&Games[[#This Row],[Week]])) -> 0 | U6: =IF(Games[[#This Row],[Team]]="","",_xlfn.MAXIFS(Games[Week],Games[Team],Games[[#This Row],[Opponent]],Games[Season],Games[[#This Row],[Season]],Games[Week],"<"&Games[[#This Row],[Week]])) -> 0 | V6: =IF(Games[[#This Row],[Team]]="","",IF(Games[[#This Row],[PrevWeekTeam]]=0,"",Games[[#This Row],[Date]]-SUMIFS(Games[Date],Games[Team],Games[[#This Row],[Team]],Games[Season],Games[[#This Row],[Season]],Games[Week],Games[[#This Row],[PrevWeekTeam]]))) | W6: =IF(Games[[#This Row],[Team]]="","",IF(Games[[#This Row],[PrevWeekOpp]]=0,"",Games[[#This Row],[Date]]-SUMIFS(Games[Date],Games[Team],Games[[#This Row],[Opponent]],Games[Season],Games[[#This Row],[Season]],Games[Week],Games[[#This Row],[PrevWeekOpp]]))) | X6: =IF(Games[[#This Row],[Team]]="","",IF(OR(Games[[#This Row],[DaysOff]]="",Games[[#This Row],[OppDaysOff]]=""),0,IF(Games[[#This Row],[DaysOff]]-Games[[#This Row],[OppDaysOff]]=0,0,IF(ABS(Games[[#This Row],[DaysOff]]-Games[[#This Row],[OppDaysOff]])>=6,IF(Games[[#This Row],[DaysOff]]-Games[[#This Row],[OppDaysOff]]>0,RestMajor,-RestMajor),IF(Games[[#This Row],[DaysOff]]-Games[[#This Row],[OppDaysOff]]>0,RestMinor,-RestMinor))))) -> 0 | Y6: =IF(Games[[#This Row],[Team]]="","",IF(Games[[#This Row],[PrevWeekTeam]]>0,SUMIFS(Games[PostGmRate],Games[Team],Games[[#This Row],[Team]],Games[Season],Games[[#This Row],[Season]],Games[Week],Games[[#This Row],[PrevWeekTeam]]),Alpha*IFERROR(INDEX(Teams[PreseasonRating],MATCH(Games[[#This Row],[Team]],Teams[TeamID],0)),Base)+(1-Alpha)*Base)) -> 1500 | Z6: =IF(Games[[#This Row],[Team]]="","",IF(Games[[#This Row],[PrevWeekOpp]]>0,SUMIFS(Games[PostGmRate],Games[Team],Games[[#This Row],[Opponent]],Games[Season],Games[[#This Row],[Season]],Games[Week],Games[[#This Row],[PrevWeekOpp]]),Alpha*IFERROR(INDEX(Teams[PreseasonRating],MATCH(Games[[#This Row],[Opponent]],Teams[TeamID],0)),Base)+(1-Alpha)*Base)) -> 1500 | AA6: =IF(Games[[#This Row],[Team]]="","",1/(1+10^(((Games[[#This Row],[OppPreGmRate]]+IF(Games[[#This Row],[HomeAway]]="A",HFA-Games[[#This Row],[RestAdj]],0))-(Games[[#This Row],[PreGmRate]]+IF(Games[[#This Row],[HomeAway]]="H",HFA+Games[[#This Row],[RestAdj]],0)))/400))) -> 0.60215809 | AB6: =IF(Games[[#This Row],[Team]]="","",Games[[#This Row],[PointsFor]]-Games[[#This Row],[PointsAgainst]]) -> 7 | AC6: =IF(Games[[#This Row],[Team]]="","",IF(Games[[#This Row],[MOV]]>0,1,IF(Games[[#This Row],[MOV]]=0,0.5,0))) -> 1 | AD6: =IF(Games[[#This Row],[Team]]="","",--(OR(AND(Games[[#This Row],[ExpectedWin]]>=0.5,Games[[#This Row],[Result]]=1),AND(Games[[#This Row],[ExpectedWin]]<0.5,Games[[#This Row],[Result]]=0)))) -> 1 | AE6: =IF(Games[[#This Row],[Team]]="","",-(Games[[#This Row],[Result]]*LN(Games[[#This Row],[ExpectedWin]])+(1-Games[[#This Row],[Result]])*LN(1-Games[[#This Row],[ExpectedWin]]))) -> 0.50723525 | AF6: =IF(Games[[#This Row],[Team]]="","",IF(Games[[#This Row],[Season]]>=2021,17,16)) -> 16 | AG6: =IF(Games[[#This Row],[Team]]="","",KMax-(KMax-KFloor)*MIN(Games[[#This Row],[GamesPlayed]],Games[[#This Row],[SeasonLen]])/Games[[#This Row],[SeasonLen]]) -> 45.3875 | AH6: =IF(Games[[#This Row],[Team]]="","",((ABS(Games[[#This Row],[MOV]])+3)^0.8)/(7.5+0.006*ABS(Games[[#This Row],[PreGmRate]]-Games[[#This Row],[OppPreGmRate]]))*IF(Games[[#This Row],[OT]]=1,0.7,1)) -> 0.84127646 | AI6: =IF(Games[[#This Row],[Team]]="","",IF(Games[[#This Row],[Type]]="P",_xlfn.IFS(Games[[#This Row],[Round]]="WC",POMult_WC,Games[[#This Row],[Round]]="DV",POMult_DV,Games[[#This Row],[Round]]="CC",POMult_CC,Games[[#This Row],[Round]]="SB",POMult_SB,TRUE,1),1)) -> 1 | AJ6: =IF(Games[[#This Row],[Team]]="","",Games[[#This Row],[K]]*IF(Games[[#This Row],[DivG]]=1,DivMult,1)*IF(Games[[#This Row],[ConfG]]=1,ConfMult,1)*Games[[#This Row],[POMult]]) -> 45.3875 | AK6: =IF(Games[[#This Row],[Team]]="","",(Games[[#This Row],[Keff]]*Games[[#This Row],[MOVMult]])*(Games[[#This Row],[Result]]-Games[[#This Row],[ExpectedWin]])) -> 15.190971 | AL6: =IF(Games[[#This Row],[Team]]="","",Games[[#This Row],[PreGmRate]]+Games[[#This Row],[RatingChange]]) -> 1515.191 | AM6: =IF(Games[[#This Row],[Team]]="","",IF(Games[[#This Row],[Type]]="R",IF(Games[[#This Row],[Result]]>0.5,1,0),0)) -> 1 | AN6: =IF(Games[[#This Row],[Team]]="","",IF(Games[[#This Row],[Type]]="R",IF(Games[[#This Row],[Result]]<0.5,1,0),0)) -> 0 | AO6: =IF(Games[[#This Row],[Team]]="","",IF(Games[[#This Row],[Type]]="R",IF(Games[[#This Row],[Result]]=0.5,1,0),0)) -> 0
A7: 35309 | B7: 1996 | C7: R | D7: RS | E7: ARI | F7: IND | G7: A | H7: 13 | I7: 20 | J7: 0 | K7: =IF(Games[[#This Row],[Team]]="","",IF(Games[[#This Row],[Season]]>2001,IFERROR(INDEX(Teams[Conf],MATCH(Games[[#This Row],[Team]],Teams[TeamID],0)),"NEW"),IFERROR(INDEX(Teams[Pre02Conf],MATCH(Games[[#This Row],[Team]],Teams[TeamID],0)),"NEW"))) -> NFC | L7: =IF(Games[[#This Row],[Team]]="","",IF(Games[[#This Row],[Season]]>2001,IFERROR(INDEX(Teams[Conf],MATCH(Games[[#This Row],[Opponent]],Teams[TeamID],0)),"NEW"),IFERROR(INDEX(Teams[Pre02Conf],MATCH(Games[[#This Row],[Opponent]],Teams[TeamID],0)),"NEW"))) -> AFC | M7: =IF(Games[[#This Row],[Team]]="","",IF(Games[[#This Row],[Season]]>2001,IFERROR(INDEX(Teams[Div],MATCH(Games[[#This Row],[Team]],Teams[TeamID],0)),"NEW"),IFERROR(INDEX(Teams[Pre02Div],MATCH(Games[[#This Row],[Team]],Teams[TeamID],0)),"NEW"))) -> East | N7: =IF(Games[[#This Row],[Team]]="","",IF(Games[[#This Row],[Season]]>2001,IFERROR(INDEX(Teams[Div],MATCH(Games[[#This Row],[Opponent]],Teams[TeamID],0)),"NEW"),IFERROR(INDEX(Teams[Pre02Div],MATCH(Games[[#This Row],[Opponent]],Teams[TeamID],0)),"NEW"))) -> East | O7: =IF(Games[[#This Row],[Team]]="","",IF(Games[[#This Row],[Conf]]=Games[[#This Row],[OppConf]],1,0)) -> 0 | P7: =IF(Games[[#This Row],[Team]]="","",IF(AND(Games[[#This Row],[Conf]]=Games[[#This Row],[OppConf]],Games[[#This Row],[Div]]=Games[[#This Row],[OppDiv]]),1,0)) -> 0 | Q7: =IF(Games[[#This Row],[Team]]="","",_xlfn.MINIFS(Games[Date],Games[Season],Games[[#This Row],[Season]])) -> 35309 | R7: =IF(Games[[#This Row],[Team]]="","",INT((Games[[#This Row],[Date]]-(Games[[#This Row],[SeasonStart]]-MOD(WEEKDAY(Games[[#This Row],[SeasonStart]],2)-2,7)))/7)+1) -> 1 | S7: =IF(Games[[#This Row],[Team]]="","",COUNTIFS(Games[Team],Games[[#This Row],[Team]],Games[Season],Games[[#This Row],[Season]],Games[Week],"<="&Games[[#This Row],[Week]])) -> 1 | T7: =IF(Games[[#This Row],[Team]]="","",_xlfn.MAXIFS(Games[Week],Games[Team],Games[[#This Row],[Team]],Games[Season],Games[[#This Row],[Season]],Games[Week],"<"&Games[[#This Row],[Week]])) -> 0 | U7: =IF(Games[[#This Row],[Team]]="","",_xlfn.MAXIFS(Games[Week],Games[Team],Games[[#This Row],[Opponent]],Games[Season],Games[[#This Row],[Season]],Games[Week],"<"&Games[[#This Row],[Week]])) -> 0 | V7: =IF(Games[[#This Row],[Team]]="","",IF(Games[[#This Row],[PrevWeekTeam]]=0,"",Games[[#This Row],[Date]]-SUMIFS(Games[Date],Games[Team],Games[[#This Row],[Team]],Games[Season],Games[[#This Row],[Season]],Games[Week],Games[[#This Row],[PrevWeekTeam]]))) | W7: =IF(Games[[#This Row],[Team]]="","",IF(Games[[#This Row],[PrevWeekOpp]]=0,"",Games[[#This Row],[Date]]-SUMIFS(Games[Date],Games[Team],Games[[#This Row],[Opponent]],Games[Season],Games[[#This Row],[Season]],Games[Week],Games[[#This Row],[PrevWeekOpp]]))) | X7: =IF(Games[[#This Row],[Team]]="","",IF(OR(Games[[#This Row],[DaysOff]]="",Games[[#This Row],[OppDaysOff]]=""),0,IF(Games[[#This Row],[DaysOff]]-Games[[#This Row],[OppDaysOff]]=0,0,IF(ABS(Games[[#This Row],[DaysOff]]-Games[[#This Row],[OppDaysOff]])>=6,IF(Games[[#This Row],[DaysOff]]-Games[[#This Row],[OppDaysOff]]>0,RestMajor,-RestMajor),IF(Games[[#This Row],[DaysOff]]-Games[[#This Row],[OppDaysOff]]>0,RestMinor,-RestMinor))))) -> 0 | Y7: =IF(Games[[#This Row],[Team]]="","",IF(Games[[#This Row],[PrevWeekTeam]]>0,SUMIFS(Games[PostGmRate],Games[Team],Games[[#This Row],[Team]],Games[Season],Games[[#This Row],[Season]],Games[Week],Games[[#This Row],[PrevWeekTeam]]),Alpha*IFERROR(INDEX(Teams[PreseasonRating],MATCH(Games[[#This Row],[Team]],Teams[TeamID],0)),Base)+(1-Alpha)*Base)) -> 1500 | Z7: =IF(Games[[#This Row],[Team]]="","",IF(Games[[#This Row],[PrevWeekOpp]]>0,SUMIFS(Games[PostGmRate],Games[Team],Games[[#This Row],[Opponent]],Games[Season],Games[[#This Row],[Season]],Games[Week],Games[[#This Row],[PrevWeekOpp]]),Alpha*IFERROR(INDEX(Teams[PreseasonRating],MATCH(Games[[#This Row],[Opponent]],Teams[TeamID],0)),Base)+(1-Alpha)*Base)) -> 1500 | AA7: =IF(Games[[#This Row],[Team]]="","",1/(1+10^(((Games[[#This Row],[OppPreGmRate]]+IF(Games[[#This Row],[HomeAway]]="A",HFA-Games[[#This Row],[RestAdj]],0))-(Games[[#This Row],[PreGmRate]]+IF(Games[[#This Row],[HomeAway]]="H",HFA+Games[[#This Row],[RestAdj]],0)))/400))) -> 0.39784191 | AB7: =IF(Games[[#This Row],[Team]]="","",Games[[#This Row],[PointsFor]]-Games[[#This Row],[PointsAgainst]]) -> -7 | AC7: =IF(Games[[#This Row],[Team]]="","",IF(Games[[#This Row],[MOV]]>0,1,IF(Games[[#This Row],[MOV]]=0,0.5,0))) -> 0 | AD7: =IF(Games[[#This Row],[Team]]="","",--(OR(AND(Games[[#This Row],[ExpectedWin]]>=0.5,Games[[#This Row],[Result]]=1),AND(Games[[#This Row],[ExpectedWin]]<0.5,Games[[#This Row],[Result]]=0)))) -> 1 | AE7: =IF(Games[[#This Row],[Team]]="","",-(Games[[#This Row],[Result]]*LN(Games[[#This Row],[ExpectedWin]])+(1-Games[[#This Row],[Result]])*LN(1-Games[[#This Row],[ExpectedWin]]))) -> 0.50723525 | AF7: =IF(Games[[#This Row],[Team]]="","",IF(Games[[#This Row],[Season]]>=2021,17,16)) -> 16 | AG7: =IF(Games[[#This Row],[Team]]="","",KMax-(KMax-KFloor)*MIN(Games[[#This Row],[GamesPlayed]],Games[[#This Row],[SeasonLen]])/Games[[#This Row],[SeasonLen]]) -> 45.3875 | AH7: =IF(Games[[#This Row],[Team]]="","",((ABS(Games[[#This Row],[MOV]])+3)^0.8)/(7.5+0.006*ABS(Games[[#This Row],[PreGmRate]]-Games[[#This Row],[OppPreGmRate]]))*IF(Games[[#This Row],[OT]]=1,0.7,1)) -> 0.84127646 | AI7: =IF(Games[[#This Row],[Team]]="","",IF(Games[[#This Row],[Type]]="P",_xlfn.IFS(Games[[#This Row],[Round]]="WC",POMult_WC,Games[[#This Row],[Round]]="DV",POMult_DV,Games[[#This Row],[Round]]="CC",POMult_CC,Games[[#This Row],[Round]]="SB",POMult_SB,TRUE,1),1)) -> 1 | AJ7: =IF(Games[[#This Row],[Team]]="","",Games[[#This Row],[K]]*IF(Games[[#This Row],[DivG]]=1,DivMult,1)*IF(Games[[#This Row],[ConfG]]=1,ConfMult,1)*Games[[#This Row],[POMult]]) -> 45.3875 | AK7: =IF(Games[[#This Row],[Team]]="","",(Games[[#This Row],[Keff]]*Games[[#This Row],[MOVMult]])*(Games[[#This Row],[Result]]-Games[[#This Row],[ExpectedWin]])) -> -15.190971 | AL7: =IF(Games[[#This Row],[Team]]="","",Games[[#This Row],[PreGmRate]]+Games[[#This Row],[RatingChange]]) -> 1484.809 | AM7: =IF(Games[[#This Row],[Team]]="","",IF(Games[[#This Row],[Type]]="R",IF(Games[[#This Row],[Result]]>0.5,1,0),0)) -> 0 | AN7: =IF(Games[[#This Row],[Team]]="","",IF(Games[[#This Row],[Type]]="R",IF(Games[[#This Row],[Result]]<0.5,1,0),0)) -> 1 | AO7: =IF(Games[[#This Row],[Team]]="","",IF(Games[[#This Row],[Type]]="R",IF(Games[[#This Row],[Result]]=0.5,1,0),0)) -> 0
A8: 35309 | B8: 1996 | C8: R | D8: RS | E8: MIN | F8: DET | G8: H | H8: 17 | I8: 13 | J8: 0 | K8: =IF(Games[[#This Row],[Team]]="","",IF(Games[[#This Row],[Season]]>2001,IFERROR(INDEX(Teams[Conf],MATCH(Games[[#This Row],[Team]],Teams[TeamID],0)),"NEW"),IFERROR(INDEX(Teams[Pre02Conf],MATCH(Games[[#This Row],[Team]],Teams[TeamID],0)),"NEW"))) -> NFC | L8: =IF(Games[[#This Row],[Team]]="","",IF(Games[[#This Row],[Season]]>2001,IFERROR(INDEX(Teams[Conf],MATCH(Games[[#This Row],[Opponent]],Teams[TeamID],0)),"NEW"),IFERROR(INDEX(Teams[Pre02Conf],MATCH(Games[[#This Row],[Opponent]],Teams[TeamID],0)),"NEW"))) -> NFC | M8: =IF(Games[[#This Row],[Team]]="","",IF(Games[[#This Row],[Season]]>2001,IFERROR(INDEX(Teams[Div],MATCH(Games[[#This Row],[Team]],Teams[TeamID],0)),"NEW"),IFERROR(INDEX(Teams[Pre02Div],MATCH(Games[[#This Row],[Team]],Teams[TeamID],0)),"NEW"))) -> Central | N8: =IF(Games[[#This Row],[Team]]="","",IF(Games[[#This Row],[Season]]>2001,IFERROR(INDEX(Teams[Div],MATCH(Games[[#This Row],[Opponent]],Teams[TeamID],0)),"NEW"),IFERROR(INDEX(Teams[Pre02Div],MATCH(Games[[#This Row],[Opponent]],Teams[TeamID],0)),"NEW"))) -> Central | O8: =IF(Games[[#This Row],[Team]]="","",IF(Games[[#This Row],[Conf]]=Games[[#This Row],[OppConf]],1,0)) -> 1 | P8: =IF(Games[[#This Row],[Team]]="","",IF(AND(Games[[#This Row],[Conf]]=Games[[#This Row],[OppConf]],Games[[#This Row],[Div]]=Games[[#This Row],[OppDiv]]),1,0)) -> 1 | Q8: =IF(Games[[#This Row],[Team]]="","",_xlfn.MINIFS(Games[Date],Games[Season],Games[[#This Row],[Season]])) -> 35309 | R8: =IF(Games[[#This Row],[Team]]="","",INT((Games[[#This Row],[Date]]-(Games[[#This Row],[SeasonStart]]-MOD(WEEKDAY(Games[[#This Row],[SeasonStart]],2)-2,7)))/7)+1) -> 1 | S8: =IF(Games[[#This Row],[Team]]="","",COUNTIFS(Games[Team],Games[[#This Row],[Team]],Games[Season],Games[[#This Row],[Season]],Games[Week],"<="&Games[[#This Row],[Week]])) -> 1 | T8: =IF(Games[[#This Row],[Team]]="","",_xlfn.MAXIFS(Games[Week],Games[Team],Games[[#This Row],[Team]],Games[Season],Games[[#This Row],[Season]],Games[Week],"<"&Games[[#This Row],[Week]])) -> 0 | U8: =IF(Games[[#This Row],[Team]]="","",_xlfn.MAXIFS(Games[Week],Games[Team],Games[[#This Row],[Opponent]],Games[Season],Games[[#This Row],[Season]],Games[Week],"<"&Games[[#This Row],[Week]])) -> 0 | V8: =IF(Games[[#This Row],[Team]]="","",IF(Games[[#This Row],[PrevWeekTeam]]=0,"",Games[[#This Row],[Date]]-SUMIFS(Games[Date],Games[Team],Games[[#This Row],[Team]],Games[Season],Games[[#This Row],[Season]],Games[Week],Games[[#This Row],[PrevWeekTeam]]))) | W8: =IF(Games[[#This Row],[Team]]="","",IF(Games[[#This Row],[PrevWeekOpp]]=0,"",Games[[#This Row],[Date]]-SUMIFS(Games[Date],Games[Team],Games[[#This Row],[Opponent]],Games[Season],Games[[#This Row],[Season]],Games[Week],Games[[#This Row],[PrevWeekOpp]]))) | X8: =IF(Games[[#This Row],[Team]]="","",IF(OR(Games[[#This Row],[DaysOff]]="",Games[[#This Row],[OppDaysOff]]=""),0,IF(Games[[#This Row],[DaysOff]]-Games[[#This Row],[OppDaysOff]]=0,0,IF(ABS(Games[[#This Row],[DaysOff]]-Games[[#This Row],[OppDaysOff]])>=6,IF(Games[[#This Row],[DaysOff]]-Games[[#This Row],[OppDaysOff]]>0,RestMajor,-RestMajor),IF(Games[[#This Row],[DaysOff]]-Games[[#This Row],[OppDaysOff]]>0,RestMinor,-RestMinor))))) -> 0 | Y8: =IF(Games[[#This Row],[Team]]="","",IF(Games[[#This Row],[PrevWeekTeam]]>0,SUMIFS(Games[PostGmRate],Games[Team],Games[[#This Row],[Team]],Games[Season],Games[[#This Row],[Season]],Games[Week],Games[[#This Row],[PrevWeekTeam]]),Alpha*IFERROR(INDEX(Teams[PreseasonRating],MATCH(Games[[#This Row],[Team]],Teams[TeamID],0)),Base)+(1-Alpha)*Base)) -> 1500 | Z8: =IF(Games[[#This Row],[Team]]="","",IF(Games[[#This Row],[PrevWeekOpp]]>0,SUMIFS(Games[PostGmRate],Games[Team],Games[[#This Row],[Opponent]],Games[Season],Games[[#This Row],[Season]],Games[Week],Games[[#This Row],[PrevWeekOpp]]),Alpha*IFERROR(INDEX(Teams[PreseasonRating],MATCH(Games[[#This Row],[Opponent]],Teams[TeamID],0)),Base)+(1-Alpha)*Base)) -> 1500 | AA8: =IF(Games[[#This Row],[Team]]="","",1/(1+10^(((Games[[#This Row],[OppPreGmRate]]+IF(Games[[#This Row],[HomeAway]]="A",HFA-Games[[#This Row],[RestAdj]],0))-(Games[[#This Row],[PreGmRate]]+IF(Games[[#This Row],[HomeAway]]="H",HFA+Games[[#This Row],[RestAdj]],0)))/400))) -> 0.60215809 | AB8: =IF(Games[[#This Row],[Team]]="","",Games[[#This Row],[PointsFor]]-Games[[#This Row],[PointsAgainst]]) -> 4 | AC8: =IF(Games[[#This Row],[Team]]="","",IF(Games[[#This Row],[MOV]]>0,1,IF(Games[[#This Row],[MOV]]=0,0.5,0))) -> 1 | AD8: =IF(Games[[#This Row],[Team]]="","",--(OR(AND(Games[[#This Row],[ExpectedWin]]>=0.5,Games[[#This Row],[Result]]=1),AND(Games[[#This Row],[ExpectedWin]]<0.5,Games[[#This Row],[Result]]=0)))) -> 1 | AE8: =IF(Games[[#This Row],[Team]]="","",-(Games[[#This Row],[Result]]*LN(Games[[#This Row],[ExpectedWin]])+(1-Games[[#This Row],[Result]])*LN(1-Games[[#This Row],[ExpectedWin]]))) -> 0.50723525 | AF8: =IF(Games[[#This Row],[Team]]="","",IF(Games[[#This Row],[Season]]>=2021,17,16)) -> 16 | AG8: =IF(Games[[#This Row],[Team]]="","",KMax-(KMax-KFloor)*MIN(Games[[#This Row],[GamesPlayed]],Games[[#This Row],[SeasonLen]])/Games[[#This Row],[SeasonLen]]) -> 45.3875 | AH8: =IF(Games[[#This Row],[Team]]="","",((ABS(Games[[#This Row],[MOV]])+3)^0.8)/(7.5+0.006*ABS(Games[[#This Row],[PreGmRate]]-Games[[#This Row],[OppPreGmRate]]))*IF(Games[[#This Row],[OT]]=1,0.7,1)) -> 0.63243685 | AI8: =IF(Games[[#This Row],[Team]]="","",IF(Games[[#This Row],[Type]]="P",_xlfn.IFS(Games[[#This Row],[Round]]="WC",POMult_WC,Games[[#This Row],[Round]]="DV",POMult_DV,Games[[#This Row],[Round]]="CC",POMult_CC,Games[[#This Row],[Round]]="SB",POMult_SB,TRUE,1),1)) -> 1 | AJ8: =IF(Games[[#This Row],[Team]]="","",Games[[#This Row],[K]]*IF(Games[[#This Row],[DivG]]=1,DivMult,1)*IF(Games[[#This Row],[ConfG]]=1,ConfMult,1)*Games[[#This Row],[POMult]]) -> 50.924775 | AK8: =IF(Games[[#This Row],[Team]]="","",(Games[[#This Row],[Keff]]*Games[[#This Row],[MOVMult]])*(Games[[#This Row],[Result]]-Games[[#This Row],[ExpectedWin]])) -> 12.813177 | AL8: =IF(Games[[#This Row],[Team]]="","",Games[[#This Row],[PreGmRate]]+Games[[#This Row],[RatingChange]]) -> 1512.8132 | AM8: =IF(Games[[#This Row],[Team]]="","",IF(Games[[#This Row],[Type]]="R",IF(Games[[#This Row],[Result]]>0.5,1,0),0)) -> 1 | AN8: =IF(Games[[#This Row],[Team]]="","",IF(Games[[#This Row],[Type]]="R",IF(Games[[#This Row],[Result]]<0.5,1,0),0)) -> 0 | AO8: =IF(Games[[#This Row],[Team]]="","",IF(Games[[#This Row],[Type]]="R",IF(Games[[#This Row],[Result]]=0.5,1,0),0)) -> 0
A9: 35309 | B9: 1996 | C9: R | D9: RS | E9: DET | F9: MIN | G9: A | H9: 13 | I9: 17 | J9: 0 | K9: =IF(Games[[#This Row],[Team]]="","",IF(Games[[#This Row],[Season]]>2001,IFERROR(INDEX(Teams[Conf],MATCH(Games[[#This Row],[Team]],Teams[TeamID],0)),"NEW"),IFERROR(INDEX(Teams[Pre02Conf],MATCH(Games[[#This Row],[Team]],Teams[TeamID],0)),"NEW"))) -> NFC | L9: =IF(Games[[#This Row],[Team]]="","",IF(Games[[#This Row],[Season]]>2001,IFERROR(INDEX(Teams[Conf],MATCH(Games[[#This Row],[Opponent]],Teams[TeamID],0)),"NEW"),IFERROR(INDEX(Teams[Pre02Conf],MATCH(Games[[#This Row],[Opponent]],Teams[TeamID],0)),"NEW"))) -> NFC | M9: =IF(Games[[#This Row],[Team]]="","",IF(Games[[#This Row],[Season]]>2001,IFERROR(INDEX(Teams[Div],MATCH(Games[[#This Row],[Team]],Teams[TeamID],0)),"NEW"),IFERROR(INDEX(Teams[Pre02Div],MATCH(Games[[#This Row],[Team]],Teams[TeamID],0)),"NEW"))) -> Central | N9: =IF(Games[[#This Row],[Team]]="","",IF(Games[[#This Row],[Season]]>2001,IFERROR(INDEX(Teams[Div],MATCH(Games[[#This Row],[Opponent]],Teams[TeamID],0)),"NEW"),IFERROR(INDEX(Teams[Pre02Div],MATCH(Games[[#This Row],[Opponent]],Teams[TeamID],0)),"NEW"))) -> Central | O9: =IF(Games[[#This Row],[Team]]="","",IF(Games[[#This Row],[Conf]]=Games[[#This Row],[OppConf]],1,0)) -> 1 | P9: =IF(Games[[#This Row],[Team]]="","",IF(AND(Games[[#This Row],[Conf]]=Games[[#This Row],[OppConf]],Games[[#This Row],[Div]]=Games[[#This Row],[OppDiv]]),1,0)) -> 1 | Q9: =IF(Games[[#This Row],[Team]]="","",_xlfn.MINIFS(Games[Date],Games[Season],Games[[#This Row],[Season]])) -> 35309 | R9: =IF(Games[[#This Row],[Team]]="","",INT((Games[[#This Row],[Date]]-(Games[[#This Row],[SeasonStart]]-MOD(WEEKDAY(Games[[#This Row],[SeasonStart]],2)-2,7)))/7)+1) -> 1 | S9: =IF(Games[[#This Row],[Team]]="","",COUNTIFS(Games[Team],Games[[#This Row],[Team]],Games[Season],Games[[#This Row],[Season]],Games[Week],"<="&Games[[#This Row],[Week]])) -> 1 | T9: =IF(Games[[#This Row],[Team]]="","",_xlfn.MAXIFS(Games[Week],Games[Team],Games[[#This Row],[Team]],Games[Season],Games[[#This Row],[Season]],Games[Week],"<"&Games[[#This Row],[Week]])) -> 0 | U9: =IF(Games[[#This Row],[Team]]="","",_xlfn.MAXIFS(Games[Week],Games[Team],Games[[#This Row],[Opponent]],Games[Season],Games[[#This Row],[Season]],Games[Week],"<"&Games[[#This Row],[Week]])) -> 0 | V9: =IF(Games[[#This Row],[Team]]="","",IF(Games[[#This Row],[PrevWeekTeam]]=0,"",Games[[#This Row],[Date]]-SUMIFS(Games[Date],Games[Team],Games[[#This Row],[Team]],Games[Season],Games[[#This Row],[Season]],Games[Week],Games[[#This Row],[PrevWeekTeam]]))) | W9: =IF(Games[[#This Row],[Team]]="","",IF(Games[[#This Row],[PrevWeekOpp]]=0,"",Games[[#This Row],[Date]]-SUMIFS(Games[Date],Games[Team],Games[[#This Row],[Opponent]],Games[Season],Games[[#This Row],[Season]],Games[Week],Games[[#This Row],[PrevWeekOpp]]))) | X9: =IF(Games[[#This Row],[Team]]="","",IF(OR(Games[[#This Row],[DaysOff]]="",Games[[#This Row],[OppDaysOff]]=""),0,IF(Games[[#This Row],[DaysOff]]-Games[[#This Row],[OppDaysOff]]=0,0,IF(ABS(Games[[#This Row],[DaysOff]]-Games[[#This Row],[OppDaysOff]])>=6,IF(Games[[#This Row],[DaysOff]]-Games[[#This Row],[OppDaysOff]]>0,RestMajor,-RestMajor),IF(Games[[#This Row],[DaysOff]]-Games[[#This Row],[OppDaysOff]]>0,RestMinor,-RestMinor))))) -> 0 | Y9: =IF(Games[[#This Row],[Team]]="","",IF(Games[[#This Row],[PrevWeekTeam]]>0,SUMIFS(Games[PostGmRate],Games[Team],Games[[#This Row],[Team]],Games[Season],Games[[#This Row],[Season]],Games[Week],Games[[#This Row],[PrevWeekTeam]]),Alpha*IFERROR(INDEX(Teams[PreseasonRating],MATCH(Games[[#This Row],[Team]],Teams[TeamID],0)),Base)+(1-Alpha)*Base)) -> 1500 | Z9: =IF(Games[[#This Row],[Team]]="","",IF(Games[[#This Row],[PrevWeekOpp]]>0,SUMIFS(Games[PostGmRate],Games[Team],Games[[#This Row],[Opponent]],Games[Season],Games[[#This Row],[Season]],Games[Week],Games[[#This Row],[PrevWeekOpp]]),Alpha*IFERROR(INDEX(Teams[PreseasonRating],MATCH(Games[[#This Row],[Opponent]],Teams[TeamID],0)),Base)+(1-Alpha)*Base)) -> 1500 | AA9: =IF(Games[[#This Row],[Team]]="","",1/(1+10^(((Games[[#This Row],[OppPreGmRate]]+IF(Games[[#This Row],[HomeAway]]="A",HFA-Games[[#This Row],[RestAdj]],0))-(Games[[#This Row],[PreGmRate]]+IF(Games[[#This Row],[HomeAway]]="H",HFA+Games[[#This Row],[RestAdj]],0)))/400))) -> 0.39784191 | AB9: =IF(Games[[#This Row],[Team]]="","",Games[[#This Row],[PointsFor]]-Games[[#This Row],[PointsAgainst]]) -> -4 | AC9: =IF(Games[[#This Row],[Team]]="","",IF(Games[[#This Row],[MOV]]>0,1,IF(Games[[#This Row],[MOV]]=0,0.5,0))) -> 0 | AD9: =IF(Games[[#This Row],[Team]]="","",--(OR(AND(Games[[#This Row],[ExpectedWin]]>=0.5,Games[[#This Row],[Result]]=1),AND(Games[[#This Row],[ExpectedWin]]<0.5,Games[[#This Row],[Result]]=0)))) -> 1 | AE9: =IF(Games[[#This Row],[Team]]="","",-(Games[[#This Row],[Result]]*LN(Games[[#This Row],[ExpectedWin]])+(1-Games[[#This Row],[Result]])*LN(1-Games[[#This Row],[ExpectedWin]]))) -> 0.50723525 | AF9: =IF(Games[[#This Row],[Team]]="","",IF(Games[[#This Row],[Season]]>=2021,17,16)) -> 16 | AG9: =IF(Games[[#This Row],[Team]]="","",KMax-(KMax-KFloor)*MIN(Games[[#This Row],[GamesPlayed]],Games[[#This Row],[SeasonLen]])/Games[[#This Row],[SeasonLen]]) -> 45.3875 | AH9: =IF(Games[[#This Row],[Team]]="","",((ABS(Games[[#This Row],[MOV]])+3)^0.8)/(7.5+0.006*ABS(Games[[#This Row],[PreGmRate]]-Games[[#This Row],[OppPreGmRate]]))*IF(Games[[#This Row],[OT]]=1,0.7,1)) -> 0.63243685 | AI9: =IF(Games[[#This Row],[Team]]="","",IF(Games[[#This Row],[Type]]="P",_xlfn.IFS(Games[[#This Row],[Round]]="WC",POMult_WC,Games[[#This Row],[Round]]="DV",POMult_DV,Games[[#This Row],[Round]]="CC",POMult_CC,Games[[#This Row],[Round]]="SB",POMult_SB,TRUE,1),1)) -> 1 | AJ9: =IF(Games[[#This Row],[Team]]="","",Games[[#This Row],[K]]*IF(Games[[#This Row],[DivG]]=1,DivMult,1)*IF(Games[[#This Row],[ConfG]]=1,ConfMult,1)*Games[[#This Row],[POMult]]) -> 50.924775 | AK9: =IF(Games[[#This Row],[Team]]="","",(Games[[#This Row],[Keff]]*Games[[#This Row],[MOVMult]])*(Games[[#This Row],[Result]]-Games[[#This Row],[ExpectedWin]])) -> -12.813177 | AL9: =IF(Games[[#This Row],[Team]]="","",Games[[#This Row],[PreGmRate]]+Games[[#This Row],[RatingChange]]) -> 1487.1868 | AM9: =IF(Games[[#This Row],[Team]]="","",IF(Games[[#This Row],[Type]]="R",IF(Games[[#This Row],[Result]]>0.5,1,0),0)) -> 0 | AN9: =IF(Games[[#This Row],[Team]]="","",IF(Games[[#This Row],[Type]]="R",IF(Games[[#This Row],[Result]]<0.5,1,0),0)) -> 1 | AO9: =IF(Games[[#This Row],[Team]]="","",IF(Games[[#This Row],[Type]]="R",IF(Games[[#This Row],[Result]]=0.5,1,0),0)) -> 0
A10: 35309 | B10: 1996 | C10: R | D10: RS | E10: JAX | F10: PIT | G10: H | H10: 24 | I10: 9 | J10: 0 | K10: =IF(Games[[#This Row],[Team]]="","",IF(Games[[#This Row],[Season]]>2001,IFERROR(INDEX(Teams[Conf],MATCH(Games[[#This Row],[Team]],Teams[TeamID],0)),"NEW"),IFERROR(INDEX(Teams[Pre02Conf],MATCH(Games[[#This Row],[Team]],Teams[TeamID],0)),"NEW"))) -> AFC | L10: =IF(Games[[#This Row],[Team]]="","",IF(Games[[#This Row],[Season]]>2001,IFERROR(INDEX(Teams[Conf],MATCH(Games[[#This Row],[Opponent]],Teams[TeamID],0)),"NEW"),IFERROR(INDEX(Teams[Pre02Conf],MATCH(Games[[#This Row],[Opponent]],Teams[TeamID],0)),"NEW"))) -> AFC | M10: =IF(Games[[#This Row],[Team]]="","",IF(Games[[#This Row],[Season]]>2001,IFERROR(INDEX(Teams[Div],MATCH(Games[[#This Row],[Team]],Teams[TeamID],0)),"NEW"),IFERROR(INDEX(Teams[Pre02Div],MATCH(Games[[#This Row],[Team]],Teams[TeamID],0)),"NEW"))) -> Central | N10: =IF(Games[[#This Row],[Team]]="","",IF(Games[[#This Row],[Season]]>2001,IFERROR(INDEX(Teams[Div],MATCH(Games[[#This Row],[Opponent]],Teams[TeamID],0)),"NEW"),IFERROR(INDEX(Teams[Pre02Div],MATCH(Games[[#This Row],[Opponent]],Teams[TeamID],0)),"NEW"))) -> Central | O10: =IF(Games[[#This Row],[Team]]="","",IF(Games[[#This Row],[Conf]]=Games[[#This Row],[OppConf]],1,0)) -> 1 | P10: =IF(Games[[#This Row],[Team]]="","",IF(AND(Games[[#This Row],[Conf]]=Games[[#This Row],[OppConf]],Games[[#This Row],[Div]]=Games[[#This Row],[OppDiv]]),1,0)) -> 1 | Q10: =IF(Games[[#This Row],[Team]]="","",_xlfn.MINIFS(Games[Date],Games[Season],Games[[#This Row],[Season]])) -> 35309 | R10: =IF(Games[[#This Row],[Team]]="","",INT((Games[[#This Row],[Date]]-(Games[[#This Row],[SeasonStart]]-MOD(WEEKDAY(Games[[#This Row],[SeasonStart]],2)-2,7)))/7)+1) -> 1 | S10: =IF(Games[[#This Row],[Team]]="","",COUNTIFS(Games[Team],Games[[#This Row],[Team]],Games[Season],Games[[#This Row],[Season]],Games[Week],"<="&Games[[#This Row],[Week]])) -> 1 | T10: =IF(Games[[#This Row],[Team]]="","",_xlfn.MAXIFS(Games[Week],Games[Team],Games[[#This Row],[Team]],Games[Season],Games[[#This Row],[Season]],Games[Week],"<"&Games[[#This Row],[Week]])) -> 0 | U10: =IF(Games[[#This Row],[Team]]="","",_xlfn.MAXIFS(Games[Week],Games[Team],Games[[#This Row],[Opponent]],Games[Season],Games[[#This Row],[Season]],Games[Week],"<"&Games[[#This Row],[Week]])) -> 0 | V10: =IF(Games[[#This Row],[Team]]="","",IF(Games[[#This Row],[PrevWeekTeam]]=0,"",Games[[#This Row],[Date]]-SUMIFS(Games[Date],Games[Team],Games[[#This Row],[Team]],Games[Season],Games[[#This Row],[Season]],Games[Week],Games[[#This Row],[PrevWeekTeam]]))) | W10: =IF(Games[[#This Row],[Team]]="","",IF(Games[[#This Row],[PrevWeekOpp]]=0,"",Games[[#This Row],[Date]]-SUMIFS(Games[Date],Games[Team],Games[[#This Row],[Opponent]],Games[Season],Games[[#This Row],[Season]],Games[Week],Games[[#This Row],[PrevWeekOpp]]))) | X10: =IF(Games[[#This Row],[Team]]="","",IF(OR(Games[[#This Row],[DaysOff]]="",Games[[#This Row],[OppDaysOff]]=""),0,IF(Games[[#This Row],[DaysOff]]-Games[[#This Row],[OppDaysOff]]=0,0,IF(ABS(Games[[#This Row],[DaysOff]]-Games[[#This Row],[OppDaysOff]])>=6,IF(Games[[#This Row],[DaysOff]]-Games[[#This Row],[OppDaysOff]]>0,RestMajor,-RestMajor),IF(Games[[#This Row],[DaysOff]]-Games[[#This Row],[OppDaysOff]]>0,RestMinor,-RestMinor))))) -> 0 | Y10: =IF(Games[[#This Row],[Team]]="","",IF(Games[[#This Row],[PrevWeekTeam]]>0,SUMIFS(Games[PostGmRate],Games[Team],Games[[#This Row],[Team]],Games[Season],Games[[#This Row],[Season]],Games[Week],Games[[#This Row],[PrevWeekTeam]]),Alpha*IFERROR(INDEX(Teams[PreseasonRating],MATCH(Games[[#This Row],[Team]],Teams[TeamID],0)),Base)+(1-Alpha)*Base)) -> 1500 | Z10: =IF(Games[[#This Row],[Team]]="","",IF(Games[[#This Row],[PrevWeekOpp]]>0,SUMIFS(Games[PostGmRate],Games[Team],Games[[#This Row],[Opponent]],Games[Season],Games[[#This Row],[Season]],Games[Week],Games[[#This Row],[PrevWeekOpp]]),Alpha*IFERROR(INDEX(Teams[PreseasonRating],MATCH(Games[[#This Row],[Opponent]],Teams[TeamID],0)),Base)+(1-Alpha)*Base)) -> 1500 | AA10: =IF(Games[[#This Row],[Team]]="","",1/(1+10^(((Games[[#This Row],[OppPreGmRate]]+IF(Games[[#This Row],[HomeAway]]="A",HFA-Games[[#This Row],[RestAdj]],0))-(Games[[#This Row],[PreGmRate]]+IF(Games[[#This Row],[HomeAway]]="H",HFA+Games[[#This Row],[RestAdj]],0)))/400))) -> 0.60215809 | AB10: =IF(Games[[#This Row],[Team]]="","",Games[[#This Row],[PointsFor]]-Games[[#This Row],[PointsAgainst]]) -> 15 | AC10: =IF(Games[[#This Row],[Team]]="","",IF(Games[[#This Row],[MOV]]>0,1,IF(Games[[#This Row],[MOV]]=0,0.5,0))) -> 1 | AD10: =IF(Games[[#This Row],[Team]]="","",--(OR(AND(Games[[#This Row],[ExpectedWin]]>=0.5,Games[[#This Row],[Result]]=1),AND(Games[[#This Row],[ExpectedWin]]<0.5,Games[[#This Row],[Result]]=0)))) -> 1 | AE10: =IF(Games[[#This Row],[Team]]="","",-(Games[[#This Row],[Result]]*LN(Games[[#This Row],[ExpectedWin]])+(1-Games[[#This Row],[Result]])*LN(1-Games[[#This Row],[ExpectedWin]]))) -> 0.50723525 | AF10: =IF(Games[[#This Row],[Team]]="","",IF(Games[[#This Row],[Season]]>=2021,17,16)) -> 16 | AG10: =IF(Games[[#This Row],[Team]]="","",KMax-(KMax-KFloor)*MIN(Games[[#This Row],[GamesPlayed]],Games[[#This Row],[SeasonLen]])/Games[[#This Row],[SeasonLen]]) -> 45.3875 | AH10: =IF(Games[[#This Row],[Team]]="","",((ABS(Games[[#This Row],[MOV]])+3)^0.8)/(7.5+0.006*ABS(Games[[#This Row],[PreGmRate]]-Games[[#This Row],[OppPreGmRate]]))*IF(Games[[#This Row],[OT]]=1,0.7,1)) -> 1.3463462 | AI10: =IF(Games[[#This Row],[Team]]="","",IF(Games[[#This Row],[Type]]="P",_xlfn.IFS(Games[[#This Row],[Round]]="WC",POMult_WC,Games[[#This Row],[Round]]="DV",POMult_DV,Games[[#This Row],[Round]]="CC",POMult_CC,Games[[#This Row],[Round]]="SB",POMult_SB,TRUE,1),1)) -> 1 | AJ10: =IF(Games[[#This Row],[Team]]="","",Games[[#This Row],[K]]*IF(Games[[#This Row],[DivG]]=1,DivMult,1)*IF(Games[[#This Row],[ConfG]]=1,ConfMult,1)*Games[[#This Row],[POMult]]) -> 50.924775 | AK10: =IF(Games[[#This Row],[Team]]="","",(Games[[#This Row],[Keff]]*Games[[#This Row],[MOVMult]])*(Games[[#This Row],[Result]]-Games[[#This Row],[ExpectedWin]])) -> 27.276986 | AL10: =IF(Games[[#This Row],[Team]]="","",Games[[#This Row],[PreGmRate]]+Games[[#This Row],[RatingChange]]) -> 1527.277 | AM10: =IF(Games[[#This Row],[Team]]="","",IF(Games[[#This Row],[Type]]="R",IF(Games[[#This Row],[Result]]>0.5,1,0),0)) -> 1 | AN10: =IF(Games[[#This Row],[Team]]="","",IF(Games[[#This Row],[Type]]="R",IF(Games[[#This Row],[Result]]<0.5,1,0),0)) -> 0 | AO10: =IF(Games[[#This Row],[Team]]="","",IF(Games[[#This Row],[Type]]="R",IF(Games[[#This Row],[Result]]=0.5,1,0),0)) -> 0
A11: 35309 | B11: 1996 | C11: R | D11: RS | E11: PIT | F11: JAX | G11: A | H11: 9 | I11: 24 | J11: 0 | K11: =IF(Games[[#This Row],[Team]]="","",IF(Games[[#This Row],[Season]]>2001,IFERROR(INDEX(Teams[Conf],MATCH(Games[[#This Row],[Team]],Teams[TeamID],0)),"NEW"),IFERROR(INDEX(Teams[Pre02Conf],MATCH(Games[[#This Row],[Team]],Teams[TeamID],0)),"NEW"))) -> AFC | L11: =IF(Games[[#This Row],[Team]]="","",IF(Games[[#This Row],[Season]]>2001,IFERROR(INDEX(Teams[Conf],MATCH(Games[[#This Row],[Opponent]],Teams[TeamID],0)),"NEW"),IFERROR(INDEX(Teams[Pre02Conf],MATCH(Games[[#This Row],[Opponent]],Teams[TeamID],0)),"NEW"))) -> AFC | M11: =IF(Games[[#This Row],[Team]]="","",IF(Games[[#This Row],[Season]]>2001,IFERROR(INDEX(Teams[Div],MATCH(Games[[#This Row],[Team]],Teams[TeamID],0)),"NEW"),IFERROR(INDEX(Teams[Pre02Div],MATCH(Games[[#This Row],[Team]],Teams[TeamID],0)),"NEW"))) -> Central | N11: =IF(Games[[#This Row],[Team]]="","",IF(Games[[#This Row],[Season]]>2001,IFERROR(INDEX(Teams[Div],MATCH(Games[[#This Row],[Opponent]],Teams[TeamID],0)),"NEW"),IFERROR(INDEX(Teams[Pre02Div],MATCH(Games[[#This Row],[Opponent]],Teams[TeamID],0)),"NEW"))) -> Central | O11: =IF(Games[[#This Row],[Team]]="","",IF(Games[[#This Row],[Conf]]=Games[[#This Row],[OppConf]],1,0)) -> 1 | P11: =IF(Games[[#This Row],[Team]]="","",IF(AND(Games[[#This Row],[Conf]]=Games[[#This Row],[OppConf]],Games[[#This Row],[Div]]=Games[[#This Row],[OppDiv]]),1,0)) -> 1 | Q11: =IF(Games[[#This Row],[Team]]="","",_xlfn.MINIFS(Games[Date],Games[Season],Games[[#This Row],[Season]])) -> 35309 | R11: =IF(Games[[#This Row],[Team]]="","",INT((Games[[#This Row],[Date]]-(Games[[#This Row],[SeasonStart]]-MOD(WEEKDAY(Games[[#This Row],[SeasonStart]],2)-2,7)))/7)+1) -> 1 | S11: =IF(Games[[#This Row],[Team]]="","",COUNTIFS(Games[Team],Games[[#This Row],[Team]],Games[Season],Games[[#This Row],[Season]],Games[Week],"<="&Games[[#This Row],[Week]])) -> 1 | T11: =IF(Games[[#This Row],[Team]]="","",_xlfn.MAXIFS(Games[Week],Games[Team],Games[[#This Row],[Team]],Games[Season],Games[[#This Row],[Season]],Games[Week],"<"&Games[[#This Row],[Week]])) -> 0 | U11: =IF(Games[[#This Row],[Team]]="","",_xlfn.MAXIFS(Games[Week],Games[Team],Games[[#This Row],[Opponent]],Games[Season],Games[[#This Row],[Season]],Games[Week],"<"&Games[[#This Row],[Week]])) -> 0 | V11: =IF(Games[[#This Row],[Team]]="","",IF(Games[[#This Row],[PrevWeekTeam]]=0,"",Games[[#This Row],[Date]]-SUMIFS(Games[Date],Games[Team],Games[[#This Row],[Team]],Games[Season],Games[[#This Row],[Season]],Games[Week],Games[[#This Row],[PrevWeekTeam]]))) | W11: =IF(Games[[#This Row],[Team]]="","",IF(Games[[#This Row],[PrevWeekOpp]]=0,"",Games[[#This Row],[Date]]-SUMIFS(Games[Date],Games[Team],Games[[#This Row],[Opponent]],Games[Season],Games[[#This Row],[Season]],Games[Week],Games[[#This Row],[PrevWeekOpp]]))) | X11: =IF(Games[[#This Row],[Team]]="","",IF(OR(Games[[#This Row],[DaysOff]]="",Games[[#This Row],[OppDaysOff]]=""),0,IF(Games[[#This Row],[DaysOff]]-Games[[#This Row],[OppDaysOff]]=0,0,IF(ABS(Games[[#This Row],[DaysOff]]-Games[[#This Row],[OppDaysOff]])>=6,IF(Games[[#This Row],[DaysOff]]-Games[[#This Row],[OppDaysOff]]>0,RestMajor,-RestMajor),IF(Games[[#This Row],[DaysOff]]-Games[[#This Row],[OppDaysOff]]>0,RestMinor,-RestMinor))))) -> 0 | Y11: =IF(Games[[#This Row],[Team]]="","",IF(Games[[#This Row],[PrevWeekTeam]]>0,SUMIFS(Games[PostGmRate],Games[Team],Games[[#This Row],[Team]],Games[Season],Games[[#This Row],[Season]],Games[Week],Games[[#This Row],[PrevWeekTeam]]),Alpha*IFERROR(INDEX(Teams[PreseasonRating],MATCH(Games[[#This Row],[Team]],Teams[TeamID],0)),Base)+(1-Alpha)*Base)) -> 1500 | Z11: =IF(Games[[#This Row],[Team]]="","",IF(Games[[#This Row],[PrevWeekOpp]]>0,SUMIFS(Games[PostGmRate],Games[Team],Games[[#This Row],[Opponent]],Games[Season],Games[[#This Row],[Season]],Games[Week],Games[[#This Row],[PrevWeekOpp]]),Alpha*IFERROR(INDEX(Teams[PreseasonRating],MATCH(Games[[#This Row],[Opponent]],Teams[TeamID],0)),Base)+(1-Alpha)*Base)) -> 1500 | AA11: =IF(Games[[#This Row],[Team]]="","",1/(1+10^(((Games[[#This Row],[OppPreGmRate]]+IF(Games[[#This Row],[HomeAway]]="A",HFA-Games[[#This Row],[RestAdj]],0))-(Games[[#This Row],[PreGmRate]]+IF(Games[[#This Row],[HomeAway]]="H",HFA+Games[[#This Row],[RestAdj]],0)))/400))) -> 0.39784191 | AB11: =IF(Games[[#This Row],[Team]]="","",Games[[#This Row],[PointsFor]]-Games[[#This Row],[PointsAgainst]]) -> -15 | AC11: =IF(Games[[#This Row],[Team]]="","",IF(Games[[#This Row],[MOV]]>0,1,IF(Games[[#This Row],[MOV]]=0,0.5,0))) -> 0 | AD11: =IF(Games[[#This Row],[Team]]="","",--(OR(AND(Games[[#This Row],[ExpectedWin]]>=0.5,Games[[#This Row],[Result]]=1),AND(Games[[#This Row],[ExpectedWin]]<0.5,Games[[#This Row],[Result]]=0)))) -> 1 | AE11: =IF(Games[[#This Row],[Team]]="","",-(Games[[#This Row],[Result]]*LN(Games[[#This Row],[ExpectedWin]])+(1-Games[[#This Row],[Result]])*LN(1-Games[[#This Row],[ExpectedWin]]))) -> 0.50723525 | AF11: =IF(Games[[#This Row],[Team]]="","",IF(Games[[#This Row],[Season]]>=2021,17,16)) -> 16 | AG11: =IF(Games[[#This Row],[Team]]="","",KMax-(KMax-KFloor)*MIN(Games[[#This Row],[GamesPlayed]],Games[[#This Row],[SeasonLen]])/Games[[#This Row],[SeasonLen]]) -> 45.3875 | AH11: =IF(Games[[#This Row],[Team]]="","",((ABS(Games[[#This Row],[MOV]])+3)^0.8)/(7.5+0.006*ABS(Games[[#This Row],[PreGmRate]]-Games[[#This Row],[OppPreGmRate]]))*IF(Games[[#This Row],[OT]]=1,0.7,1)) -> 1.3463462 | AI11: =IF(Games[[#This Row],[Team]]="","",IF(Games[[#This Row],[Type]]="P",_xlfn.IFS(Games[[#This Row],[Round]]="WC",POMult_WC,Games[[#This Row],[Round]]="DV",POMult_DV,Games[[#This Row],[Round]]="CC",POMult_CC,Games[[#This Row],[Round]]="SB",POMult_SB,TRUE,1),1)) -> 1 | AJ11: =IF(Games[[#This Row],[Team]]="","",Games[[#This Row],[K]]*IF(Games[[#This Row],[DivG]]=1,DivMult,1)*IF(Games[[#This Row],[ConfG]]=1,ConfMult,1)*Games[[#This Row],[POMult]]) -> 50.924775 | AK11: =IF(Games[[#This Row],[Team]]="","",(Games[[#This Row],[Keff]]*Games[[#This Row],[MOVMult]])*(Games[[#This Row],[Result]]-Games[[#This Row],[ExpectedWin]])) -> -27.276986 | AL11: =IF(Games[[#This Row],[Team]]="","",Games[[#This Row],[PreGmRate]]+Games[[#This Row],[RatingChange]]) -> 1472.723 | AM11: =IF(Games[[#This Row],[Team]]="","",IF(Games[[#This Row],[Type]]="R",IF(Games[[#This Row],[Result]]>0.5,1,0),0)) -> 0 | AN11: =IF(Games[[#This Row],[Team]]="","",IF(Games[[#This Row],[Type]]="R",IF(Games[[#This Row],[Result]]<0.5,1,0),0)) -> 1 | AO11: =IF(Games[[#This Row],[Team]]="","",IF(Games[[#This Row],[Type]]="R",IF(Games[[#This Row],[Result]]=0.5,1,0),0)) -> 0
A12: 35309 | B12: 1996 | C12: R | D12: RS | E12: KC | F12: TEN | G12: A | H12: 20 | I12: 19 | J12: 0 | K12: =IF(Games[[#This Row],[Team]]="","",IF(Games[[#This Row],[Season]]>2001,IFERROR(INDEX(Teams[Conf],MATCH(Games[[#This Row],[Team]],Teams[TeamID],0)),"NEW"),IFERROR(INDEX(Teams[Pre02Conf],MATCH(Games[[#This Row],[Team]],Teams[TeamID],0)),"NEW"))) -> AFC | L12: =IF(Games[[#This Row],[Team]]="","",IF(Games[[#This Row],[Season]]>2001,IFERROR(INDEX(Teams[Conf],MATCH(Games[[#This Row],[Opponent]],Teams[TeamID],0)),"NEW"),IFERROR(INDEX(Teams[Pre02Conf],MATCH(Games[[#This Row],[Opponent]],Teams[TeamID],0)),"NEW"))) -> AFC | M12: =IF(Games[[#This Row],[Team]]="","",IF(Games[[#This Row],[Season]]>2001,IFERROR(INDEX(Teams[Div],MATCH(Games[[#This Row],[Team]],Teams[TeamID],0)),"NEW"),IFERROR(INDEX(Teams[Pre02Div],MATCH(Games[[#This Row],[Team]],Teams[TeamID],0)),"NEW"))) -> West | N12: =IF(Games[[#This Row],[Team]]="","",IF(Games[[#This Row],[Season]]>2001,IFERROR(INDEX(Teams[Div],MATCH(Games[[#This Row],[Opponent]],Teams[TeamID],0)),"NEW"),IFERROR(INDEX(Teams[Pre02Div],MATCH(Games[[#This Row],[Opponent]],Teams[TeamID],0)),"NEW"))) -> Central | O12: =IF(Games[[#This Row],[Team]]="","",IF(Games[[#This Row],[Conf]]=Games[[#This Row],[OppConf]],1,0)) -> 1 | P12: =IF(Games[[#This Row],[Team]]="","",IF(AND(Games[[#This Row],[Conf]]=Games[[#This Row],[OppConf]],Games[[#This Row],[Div]]=Games[[#This Row],[OppDiv]]),1,0)) -> 0 | Q12: =IF(Games[[#This Row],[Team]]="","",_xlfn.MINIFS(Games[Date],Games[Season],Games[[#This Row],[Season]])) -> 35309 | R12: =IF(Games[[#This Row],[Team]]="","",INT((Games[[#This Row],[Date]]-(Games[[#This Row],[SeasonStart]]-MOD(WEEKDAY(Games[[#This Row],[SeasonStart]],2)-2,7)))/7)+1) -> 1 | S12: =IF(Games[[#This Row],[Team]]="","",COUNTIFS(Games[Team],Games[[#This Row],[Team]],Games[Season],Games[[#This Row],[Season]],Games[Week],"<="&Games[[#This Row],[Week]])) -> 1 | T12: =IF(Games[[#This Row],[Team]]="","",_xlfn.MAXIFS(Games[Week],Games[Team],Games[[#This Row],[Team]],Games[Season],Games[[#This Row],[Season]],Games[Week],"<"&Games[[#This Row],[Week]])) -> 0 | U12: =IF(Games[[#This Row],[Team]]="","",_xlfn.MAXIFS(Games[Week],Games[Team],Games[[#This Row],[Opponent]],Games[Season],Games[[#This Row],[Season]],Games[Week],"<"&Games[[#This Row],[Week]])) -> 0 | V12: =IF(Games[[#This Row],[Team]]="","",IF(Games[[#This Row],[PrevWeekTeam]]=0,"",Games[[#This Row],[Date]]-SUMIFS(Games[Date],Games[Team],Games[[#This Row],[Team]],Games[Season],Games[[#This Row],[Season]],Games[Week],Games[[#This Row],[PrevWeekTeam]]))) | W12: =IF(Games[[#This Row],[Team]]="","",IF(Games[[#This Row],[PrevWeekOpp]]=0,"",Games[[#This Row],[Date]]-SUMIFS(Games[Date],Games[Team],Games[[#This Row],[Opponent]],Games[Season],Games[[#This Row],[Season]],Games[Week],Games[[#This Row],[PrevWeekOpp]]))) | X12: =IF(Games[[#This Row],[Team]]="","",IF(OR(Games[[#This Row],[DaysOff]]="",Games[[#This Row],[OppDaysOff]]=""),0,IF(Games[[#This Row],[DaysOff]]-Games[[#This Row],[OppDaysOff]]=0,0,IF(ABS(Games[[#This Row],[DaysOff]]-Games[[#This Row],[OppDaysOff]])>=6,IF(Games[[#This Row],[DaysOff]]-Games[[#This Row],[OppDaysOff]]>0,RestMajor,-RestMajor),IF(Games[[#This Row],[DaysOff]]-Games[[#This Row],[OppDaysOff]]>0,RestMinor,-RestMinor))))) -> 0 | Y12: =IF(Games[[#This Row],[Team]]="","",IF(Games[[#This Row],[PrevWeekTeam]]>0,SUMIFS(Games[PostGmRate],Games[Team],Games[[#This Row],[Team]],Games[Season],Games[[#This Row],[Season]],Games[Week],Games[[#This Row],[PrevWeekTeam]]),Alpha*IFERROR(INDEX(Teams[PreseasonRating],MATCH(Games[[#This Row],[Team]],Teams[TeamID],0)),Base)+(1-Alpha)*Base)) -> 1500 | Z12: =IF(Games[[#This Row],[Team]]="","",IF(Games[[#This Row],[PrevWeekOpp]]>0,SUMIFS(Games[PostGmRate],Games[Team],Games[[#This Row],[Opponent]],Games[Season],Games[[#This Row],[Season]],Games[Week],Games[[#This Row],[PrevWeekOpp]]),Alpha*IFERROR(INDEX(Teams[PreseasonRating],MATCH(Games[[#This Row],[Opponent]],Teams[TeamID],0)),Base)+(1-Alpha)*Base)) -> 1500 | AA12: =IF(Games[[#This Row],[Team]]="","",1/(1+10^(((Games[[#This Row],[OppPreGmRate]]+IF(Games[[#This Row],[HomeAway]]="A",HFA-Games[[#This Row],[RestAdj]],0))-(Games[[#This Row],[PreGmRate]]+IF(Games[[#This Row],[HomeAway]]="H",HFA+Games[[#This Row],[RestAdj]],0)))/400))) -> 0.39784191 | AB12: =IF(Games[[#This Row],[Team]]="","",Games[[#This Row],[PointsFor]]-Games[[#This Row],[PointsAgainst]]) -> 1 | AC12: =IF(Games[[#This Row],[Team]]="","",IF(Games[[#This Row],[MOV]]>0,1,IF(Games[[#This Row],[MOV]]=0,0.5,0))) -> 1 | AD12: =IF(Games[[#This Row],[Team]]="","",--(OR(AND(Games[[#This Row],[ExpectedWin]]>=0.5,Games[[#This Row],[Result]]=1),AND(Games[[#This Row],[ExpectedWin]]<0.5,Games[[#This Row],[Result]]=0)))) -> 0 | AE12: =IF(Games[[#This Row],[Team]]="","",-(Games[[#This Row],[Result]]*LN(Games[[#This Row],[ExpectedWin]])+(1-Games[[#This Row],[Result]])*LN(1-Games[[#This Row],[ExpectedWin]]))) -> 0.92170057 | AF12: =IF(Games[[#This Row],[Team]]="","",IF(Games[[#This Row],[Season]]>=2021,17,16)) -> 16 | AG12: =IF(Games[[#This Row],[Team]]="","",KMax-(KMax-KFloor)*MIN(Games[[#This Row],[GamesPlayed]],Games[[#This Row],[SeasonLen]])/Games[[#This Row],[SeasonLen]]) -> 45.3875 | AH12: =IF(Games[[#This Row],[Team]]="","",((ABS(Games[[#This Row],[MOV]])+3)^0.8)/(7.5+0.006*ABS(Games[[#This Row],[PreGmRate]]-Games[[#This Row],[OppPreGmRate]]))*IF(Games[[#This Row],[OT]]=1,0.7,1)) -> 0.40419108 | AI12: =IF(Games[[#This Row],[Team]]="","",IF(Games[[#This Row],[Type]]="P",_xlfn.IFS(Games[[#This Row],[Round]]="WC",POMult_WC,Games[[#This Row],[Round]]="DV",POMult_DV,Games[[#This Row],[Round]]="CC",POMult_CC,Games[[#This Row],[Round]]="SB",POMult_SB,TRUE,1),1)) -> 1 | AJ12: =IF(Games[[#This Row],[Team]]="","",Games[[#This Row],[K]]*IF(Games[[#This Row],[DivG]]=1,DivMult,1)*IF(Games[[#This Row],[ConfG]]=1,ConfMult,1)*Games[[#This Row],[POMult]]) -> 46.29525 | AK12: =IF(Games[[#This Row],[Team]]="","",(Games[[#This Row],[Keff]]*Games[[#This Row],[MOVMult]])*(Games[[#This Row],[Result]]-Games[[#This Row],[ExpectedWin]])) -> 11.267659 | AL12: =IF(Games[[#This Row],[Team]]="","",Games[[#This Row],[PreGmRate]]+Games[[#This Row],[RatingChange]]) -> 1511.2677 | AM12: =IF(Games[[#This Row],[Team]]="","",IF(Games[[#This Row],[Type]]="R",IF(Games[[#This Row],[Result]]>0.5,1,0),0)) -> 1 | AN12: =IF(Games[[#This Row],[Team]]="","",IF(Games[[#This Row],[Type]]="R",IF(Games[[#This Row],[Result]]<0.5,1,0),0)) -> 0 | AO12: =IF(Games[[#This Row],[Team]]="","",IF(Games[[#This Row],[Type]]="R",IF(Games[[#This Row],[Result]]=0.5,1,0),0)) -> 0
A13: 35309 | B13: 1996 | C13: R | D13: RS | E13: TEN | F13: KC | G13: H | H13: 19 | I13: 20 | J13: 0 | K13: =IF(Games[[#This Row],[Team]]="","",IF(Games[[#This Row],[Season]]>2001,IFERROR(INDEX(Teams[Conf],MATCH(Games[[#This Row],[Team]],Teams[TeamID],0)),"NEW"),IFERROR(INDEX(Teams[Pre02Conf],MATCH(Games[[#This Row],[Team]],Teams[TeamID],0)),"NEW"))) -> AFC | L13: =IF(Games[[#This Row],[Team]]="","",IF(Games[[#This Row],[Season]]>2001,IFERROR(INDEX(Teams[Conf],MATCH(Games[[#This Row],[Opponent]],Teams[TeamID],0)),"NEW"),IFERROR(INDEX(Teams[Pre02Conf],MATCH(Games[[#This Row],[Opponent]],Teams[TeamID],0)),"NEW"))) -> AFC | M13: =IF(Games[[#This Row],[Team]]="","",IF(Games[[#This Row],[Season]]>2001,IFERROR(INDEX(Teams[Div],MATCH(Games[[#This Row],[Team]],Teams[TeamID],0)),"NEW"),IFERROR(INDEX(Teams[Pre02Div],MATCH(Games[[#This Row],[Team]],Teams[TeamID],0)),"NEW"))) -> Central | N13: =IF(Games[[#This Row],[Team]]="","",IF(Games[[#This Row],[Season]]>2001,IFERROR(INDEX(Teams[Div],MATCH(Games[[#This Row],[Opponent]],Teams[TeamID],0)),"NEW"),IFERROR(INDEX(Teams[Pre02Div],MATCH(Games[[#This Row],[Opponent]],Teams[TeamID],0)),"NEW"))) -> West | O13: =IF(Games[[#This Row],[Team]]="","",IF(Games[[#This Row],[Conf]]=Games[[#This Row],[OppConf]],1,0)) -> 1 | P13: =IF(Games[[#This Row],[Team]]="","",IF(AND(Games[[#This Row],[Conf]]=Games[[#This Row],[OppConf]],Games[[#This Row],[Div]]=Games[[#This Row],[OppDiv]]),1,0)) -> 0 | Q13: =IF(Games[[#This Row],[Team]]="","",_xlfn.MINIFS(Games[Date],Games[Season],Games[[#This Row],[Season]])) -> 35309 | R13: =IF(Games[[#This Row],[Team]]="","",INT((Games[[#This Row],[Date]]-(Games[[#This Row],[SeasonStart]]-MOD(WEEKDAY(Games[[#This Row],[SeasonStart]],2)-2,7)))/7)+1) -> 1 | S13: =IF(Games[[#This Row],[Team]]="","",COUNTIFS(Games[Team],Games[[#This Row],[Team]],Games[Season],Games[[#This Row],[Season]],Games[Week],"<="&Games[[#This Row],[Week]])) -> 1 | T13: =IF(Games[[#This Row],[Team]]="","",_xlfn.MAXIFS(Games[Week],Games[Team],Games[[#This Row],[Team]],Games[Season],Games[[#This Row],[Season]],Games[Week],"<"&Games[[#This Row],[Week]])) -> 0 | U13: =IF(Games[[#This Row],[Team]]="","",_xlfn.MAXIFS(Games[Week],Games[Team],Games[[#This Row],[Opponent]],Games[Season],Games[[#This Row],[Season]],Games[Week],"<"&Games[[#This Row],[Week]])) -> 0 | V13: =IF(Games[[#This Row],[Team]]="","",IF(Games[[#This Row],[PrevWeekTeam]]=0,"",Games[[#This Row],[Date]]-SUMIFS(Games[Date],Games[Team],Games[[#This Row],[Team]],Games[Season],Games[[#This Row],[Season]],Games[Week],Games[[#This Row],[PrevWeekTeam]]))) | W13: =IF(Games[[#This Row],[Team]]="","",IF(Games[[#This Row],[PrevWeekOpp]]=0,"",Games[[#This Row],[Date]]-SUMIFS(Games[Date],Games[Team],Games[[#This Row],[Opponent]],Games[Season],Games[[#This Row],[Season]],Games[Week],Games[[#This Row],[PrevWeekOpp]]))) | X13: =IF(Games[[#This Row],[Team]]="","",IF(OR(Games[[#This Row],[DaysOff]]="",Games[[#This Row],[OppDaysOff]]=""),0,IF(Games[[#This Row],[DaysOff]]-Games[[#This Row],[OppDaysOff]]=0,0,IF(ABS(Games[[#This Row],[DaysOff]]-Games[[#This Row],[OppDaysOff]])>=6,IF(Games[[#This Row],[DaysOff]]-Games[[#This Row],[OppDaysOff]]>0,RestMajor,-RestMajor),IF(Games[[#This Row],[DaysOff]]-Games[[#This Row],[OppDaysOff]]>0,RestMinor,-RestMinor))))) -> 0 | Y13: =IF(Games[[#This Row],[Team]]="","",IF(Games[[#This Row],[PrevWeekTeam]]>0,SUMIFS(Games[PostGmRate],Games[Team],Games[[#This Row],[Team]],Games[Season],Games[[#This Row],[Season]],Games[Week],Games[[#This Row],[PrevWeekTeam]]),Alpha*IFERROR(INDEX(Teams[PreseasonRating],MATCH(Games[[#This Row],[Team]],Teams[TeamID],0)),Base)+(1-Alpha)*Base)) -> 1500 | Z13: =IF(Games[[#This Row],[Team]]="","",IF(Games[[#This Row],[PrevWeekOpp]]>0,SUMIFS(Games[PostGmRate],Games[Team],Games[[#This Row],[Opponent]],Games[Season],Games[[#This Row],[Season]],Games[Week],Games[[#This Row],[PrevWeekOpp]]),Alpha*IFERROR(INDEX(Teams[PreseasonRating],MATCH(Games[[#This Row],[Opponent]],Teams[TeamID],0)),Base)+(1-Alpha)*Base)) -> 1500 | AA13: =IF(Games[[#This Row],[Team]]="","",1/(1+10^(((Games[[#This Row],[OppPreGmRate]]+IF(Games[[#This Row],[HomeAway]]="A",HFA-Games[[#This Row],[RestAdj]],0))-(Games[[#This Row],[PreGmRate]]+IF(Games[[#This Row],[HomeAway]]="H",HFA+Games[[#This Row],[RestAdj]],0)))/400))) -> 0.60215809 | AB13: =IF(Games[[#This Row],[Team]]="","",Games[[#This Row],[PointsFor]]-Games[[#This Row],[PointsAgainst]]) -> -1 | AC13: =IF(Games[[#This Row],[Team]]="","",IF(Games[[#This Row],[MOV]]>0,1,IF(Games[[#This Row],[MOV]]=0,0.5,0))) -> 0 | AD13: =IF(Games[[#This Row],[Team]]="","",--(OR(AND(Games[[#This Row],[ExpectedWin]]>=0.5,Games[[#This Row],[Result]]=1),AND(Games[[#This Row],[ExpectedWin]]<0.5,Games[[#This Row],[Result]]=0)))) -> 0 | AE13: =IF(Games[[#This Row],[Team]]="","",-(Games[[#This Row],[Result]]*LN(Games[[#This Row],[ExpectedWin]])+(1-Games[[#This Row],[Result]])*LN(1-Games[[#This Row],[ExpectedWin]]))) -> 0.92170057 | AF13: =IF(Games[[#This Row],[Team]]="","",IF(Games[[#This Row],[Season]]>=2021,17,16)) -> 16 | AG13: =IF(Games[[#This Row],[Team]]="","",KMax-(KMax-KFloor)*MIN(Games[[#This Row],[GamesPlayed]],Games[[#This Row],[SeasonLen]])/Games[[#This Row],[SeasonLen]]) -> 45.3875 | AH13: =IF(Games[[#This Row],[Team]]="","",((ABS(Games[[#This Row],[MOV]])+3)^0.8)/(7.5+0.006*ABS(Games[[#This Row],[PreGmRate]]-Games[[#This Row],[OppPreGmRate]]))*IF(Games[[#This Row],[OT]]=1,0.7,1)) -> 0.40419108 | AI13: =IF(Games[[#This Row],[Team]]="","",IF(Games[[#This Row],[Type]]="P",_xlfn.IFS(Games[[#This Row],[Round]]="WC",POMult_WC,Games[[#This Row],[Round]]="DV",POMult_DV,Games[[#This Row],[Round]]="CC",POMult_CC,Games[[#This Row],[Round]]="SB",POMult_SB,TRUE,1),1)) -> 1 | AJ13: =IF(Games[[#This Row],[Team]]="","",Games[[#This Row],[K]]*IF(Games[[#This Row],[DivG]]=1,DivMult,1)*IF(Games[[#This Row],[ConfG]]=1,ConfMult,1)*Games[[#This Row],[POMult]]) -> 46.29525 | AK13: =IF(Games[[#This Row],[Team]]="","",(Games[[#This Row],[Keff]]*Games[[#This Row],[MOVMult]])*(Games[[#This Row],[Result]]-Games[[#This Row],[ExpectedWin]])) -> -11.267659 | AL13: =IF(Games[[#This Row],[Team]]="","",Games[[#This Row],[PreGmRate]]+Games[[#This Row],[RatingChange]]) -> 1488.7323 | AM13: =IF(Games[[#This Row],[Team]]="","",IF(Games[[#This Row],[Type]]="R",IF(Games[[#This Row],[Result]]>0.5,1,0),0)) -> 0 | AN13: =IF(Games[[#This Row],[Team]]="","",IF(Games[[#This Row],[Type]]="R",IF(Games[[#This Row],[Result]]<0.5,1,0),0)) -> 1 | AO13: =IF(Games[[#This Row],[Team]]="","",IF(Games[[#This Row],[Type]]="R",IF(Games[[#This Row],[Result]]=0.5,1,0),0)) -> 0
... A503: 35456 | B503: 1996 | C503: P | D503: SB | E503: NE | F503: GB | G503: N | H503: 21 | I503: 35 | J503: 0 | K503: =IF(Games[[#This Row],[Team]]="","",IF(Games[[#This Row],[Season]]>2001,IFERROR(INDEX(Teams[Conf],MATCH(Games[[#This Row],[Team]],Teams[TeamID],0)),"NEW"),IFERROR(INDEX(Teams[Pre02Conf],MATCH(Games[[#This Row],[Team]],Teams[TeamID],0)),"NEW"))) -> AFC | L503: =IF(Games[[#This Row],[Team]]="","",IF(Games[[#This Row],[Season]]>2001,IFERROR(INDEX(Teams[Conf],MATCH(Games[[#This Row],[Opponent]],Teams[TeamID],0)),"NEW"),IFERROR(INDEX(Teams[Pre02Conf],MATCH(Games[[#This Row],[Opponent]],Teams[TeamID],0)),"NEW"))) -> NFC | M503: =IF(Games[[#This Row],[Team]]="","",IF(Games[[#This Row],[Season]]>2001,IFERROR(INDEX(Teams[Div],MATCH(Games[[#This Row],[Team]],Teams[TeamID],0)),"NEW"),IFERROR(INDEX(Teams[Pre02Div],MATCH(Games[[#This Row],[Team]],Teams[TeamID],0)),"NEW"))) -> East | N503: =IF(Games[[#This Row],[Team]]="","",IF(Games[[#This Row],[Season]]>2001,IFERROR(INDEX(Teams[Div],MATCH(Games[[#This Row],[Opponent]],Teams[TeamID],0)),"NEW"),IFERROR(INDEX(Teams[Pre02Div],MATCH(Games[[#This Row],[Opponent]],Teams[TeamID],0)),"NEW"))) -> Central | O503: =IF(Games[[#This Row],[Team]]="","",IF(Games[[#This Row],[Conf]]=Games[[#This Row],[OppConf]],1,0)) -> 0 | P503: =IF(Games[[#This Row],[Team]]="","",IF(AND(Games[[#This Row],[Conf]]=Games[[#This Row],[OppConf]],Games[[#This Row],[Div]]=Games[[#This Row],[OppDiv]]),1,0)) -> 0 | Q503: =IF(Games[[#This Row],[Team]]="","",_xlfn.MINIFS(Games[Date],Games[Season],Games[[#This Row],[Season]])) -> 35309 | R503: =IF(Games[[#This Row],[Team]]="","",INT((Games[[#This Row],[Date]]-(Games[[#This Row],[SeasonStart]]-MOD(WEEKDAY(Games[[#This Row],[SeasonStart]],2)-2,7)))/7)+1) -> 22 | S503: =IF(Games[[#This Row],[Team]]="","",COUNTIFS(Games[Team],Games[[#This Row],[Team]],Games[Season],Games[[#This Row],[Season]],Games[Week],"<="&Games[[#This Row],[Week]])) -> 19 | T503: =IF(Games[[#This Row],[Team]]="","",_xlfn.MAXIFS(Games[Week],Games[Team],Games[[#This Row],[Team]],Games[Season],Games[[#This Row],[Season]],Games[Week],"<"&Games[[#This Row],[Week]])) -> 20 | U503: =IF(Games[[#This Row],[Team]]="","",_xlfn.MAXIFS(Games[Week],Games[Team],Games[[#This Row],[Opponent]],Games[Season],Games[[#This Row],[Season]],Games[Week],"<"&Games[[#This Row],[Week]])) -> 20 | V503: =IF(Games[[#This Row],[Team]]="","",IF(Games[[#This Row],[PrevWeekTeam]]=0,"",Games[[#This Row],[Date]]-SUMIFS(Games[Date],Games[Team],Games[[#This Row],[Team]],Games[Season],Games[[#This Row],[Season]],Games[Week],Games[[#This Row],[PrevWeekTeam]]))) -> 14 | W503: =IF(Games[[#This Row],[Team]]="","",IF(Games[[#This Row],[PrevWeekOpp]]=0,"",Games[[#This Row],[Date]]-SUMIFS(Games[Date],Games[Team],Games[[#This Row],[Opponent]],Games[Season],Games[[#This Row],[Season]],Games[Week],Games[[#This Row],[PrevWeekOpp]]))) -> 14 | X503: =IF(Games[[#This Row],[Team]]="","",IF(OR(Games[[#This Row],[DaysOff]]="",Games[[#This Row],[OppDaysOff]]=""),0,IF(Games[[#This Row],[DaysOff]]-Games[[#This Row],[OppDaysOff]]=0,0,IF(ABS(Games[[#This Row],[DaysOff]]-Games[[#This Row],[OppDaysOff]])>=6,IF(Games[[#This Row],[DaysOff]]-Games[[#This Row],[OppDaysOff]]>0,RestMajor,-RestMajor),IF(Games[[#This Row],[DaysOff]]-Games[[#This Row],[OppDaysOff]]>0,RestMinor,-RestMinor))))) -> 0 | Y503: =IF(Games[[#This Row],[Team]]="","",IF(Games[[#This Row],[PrevWeekTeam]]>0,SUMIFS(Games[PostGmRate],Games[Team],Games[[#This Row],[Team]],Games[Season],Games[[#This Row],[Season]],Games[Week],Games[[#This Row],[PrevWeekTeam]]),Alpha*IFERROR(INDEX(Teams[PreseasonRating],MATCH(Games[[#This Row],[Team]],Teams[TeamID],0)),Base)+(1-Alpha)*Base)) -> 1659.9857 | Z503: =IF(Games[[#This Row],[Team]]="","",IF(Games[[#This Row],[PrevWeekOpp]]>0,SUMIFS(Games[PostGmRate],Games[Team],Games[[#This Row],[Opponent]],Games[Season],Games[[#This Row],[Season]],Games[Week],Games[[#This Row],[PrevWeekOpp]]),Alpha*IFERROR(INDEX(Teams[PreseasonRating],MATCH(Games[[#This Row],[Opponent]],Teams[TeamID],0)),Base)+(1-Alpha)*Base)) -> 1765.6063 | AA503: =IF(Games[[#This Row],[Team]]="","",1/(1+10^(((Games[[#This Row],[OppPreGmRate]]+IF(Games[[#This Row],[HomeAway]]="A",HFA-Games[[#This Row],[RestAdj]],0))-(Games[[#This Row],[PreGmRate]]+IF(Games[[#This Row],[HomeAway]]="H",HFA+Games[[#This Row],[RestAdj]],0)))/400))) -> 0.35251525 | AB503: =IF(Games[[#This Row],[Team]]="","",Games[[#This Row],[PointsFor]]-Games[[#This Row],[PointsAgainst]]) -> -14 | AC503: =IF(Games[[#This Row],[Team]]="","",IF(Games[[#This Row],[MOV]]>0,1,IF(Games[[#This Row],[MOV]]=0,0.5,0))) -> 0 | AD503: =IF(Games[[#This Row],[Team]]="","",--(OR(AND(Games[[#This Row],[ExpectedWin]]>=0.5,Games[[#This Row],[Result]]=1),AND(Games[[#This Row],[ExpectedWin]]<0.5,Games[[#This Row],[Result]]=0)))) -> 1 | AE503: =IF(Games[[#This Row],[Team]]="","",-(Games[[#This Row],[Result]]*LN(Games[[#This Row],[ExpectedWin]])+(1-Games[[#This Row],[Result]])*LN(1-Games[[#This Row],[ExpectedWin]]))) -> 0.43466003 | AF503: =IF(Games[[#This Row],[Team]]="","",IF(Games[[#This Row],[Season]]>=2021,17,16)) -> 16 | AG503: =IF(Games[[#This Row],[Team]]="","",KMax-(KMax-KFloor)*MIN(Games[[#This Row],[GamesPlayed]],Games[[#This Row],[SeasonLen]])/Games[[#This Row],[SeasonLen]]) -> 36.2 | AH503: =IF(Games[[#This Row],[Team]]="","",((ABS(Games[[#This Row],[MOV]])+3)^0.8)/(7.5+0.006*ABS(Games[[#This Row],[PreGmRate]]-Games[[#This Row],[OppPreGmRate]]))*IF(Games[[#This Row],[OT]]=1,0.7,1)) -> 1.1859591 | AI503: =IF(Games[[#This Row],[Team]]="","",IF(Games[[#This Row],[Type]]="P",_xlfn.IFS(Games[[#This Row],[Round]]="WC",POMult_WC,Games[[#This Row],[Round]]="DV",POMult_DV,Games[[#This Row],[Round]]="CC",POMult_CC,Games[[#This Row],[Round]]="SB",POMult_SB,TRUE,1),1)) -> 1.5 | AJ503: =IF(Games[[#This Row],[Team]]="","",Games[[#This Row],[K]]*IF(Games[[#This Row],[DivG]]=1,DivMult,1)*IF(Games[[#This Row],[ConfG]]=1,ConfMult,1)*Games[[#This Row],[POMult]]) -> 54.3 | AK503: =IF(Games[[#This Row],[Team]]="","",(Games[[#This Row],[Keff]]*Games[[#This Row],[MOVMult]])*(Games[[#This Row],[Result]]-Games[[#This Row],[ExpectedWin]])) -> -22.701128 | AL503: =IF(Games[[#This Row],[Team]]="","",Games[[#This Row],[PreGmRate]]+Games[[#This Row],[RatingChange]]) -> 1637.2846 | AM503: =IF(Games[[#This Row],[Team]]="","",IF(Games[[#This Row],[Type]]="R",IF(Games[[#This Row],[Result]]>0.5,1,0),0)) -> 0 | AN503: =IF(Games[[#This Row],[Team]]="","",IF(Games[[#This Row],[Type]]="R",IF(Games[[#This Row],[Result]]<0.5,1,0),0)) -> 0 | AO503: =IF(Games[[#This Row],[Team]]="","",IF(Games[[#This Row],[Type]]="R",IF(Games[[#This Row],[Result]]=0.5,1,0),0)) -> 0

Sheet Standings
A1: Season: | B1: =IFERROR(MAX(Games[Season]),"(no games entered yet)") -> 1996
A2: Auto-detected from the Games sheet - this file should only ever hold one season.
A4: TeamID | B4: TeamName | C4: W | D4: L | E4: T | F4: Rating
A5: =INDEX($H$5:$H$36,MATCH(LARGE($N$5:$N$36,ROW()-4),$N$5:$N$36,0)) -> GB | B5: =INDEX($I$5:$I$36,MATCH(LARGE($N$5:$N$36,ROW()-4),$N$5:$N$36,0)) -> Green Bay Packers | C5: =INDEX($J$5:$J$36,MATCH(LARGE($N$5:$N$36,ROW()-4),$N$5:$N$36,0)) -> 13 | D5: =INDEX($K$5:$K$36,MATCH(LARGE($N$5:$N$36,ROW()-4),$N$5:$N$36,0)) -> 3 | E5: =INDEX($L$5:$L$36,MATCH(LARGE($N$5:$N$36,ROW()-4),$N$5:$N$36,0)) -> 0 | F5: =INDEX($M$5:$M$36,MATCH(LARGE($N$5:$N$36,ROW()-4),$N$5:$N$36,0)) -> 1788.3075 | H5: =Teams!A8 -> ARI | I5: =Teams!B8 -> Arizona Cardinals | J5: =SUMIFS(Games[W],Games[Team],H5,Games[Season],$B$1) -> 7 | K5: =SUMIFS(Games[L],Games[Team],H5,Games[Season],$B$1) -> 9 | L5: =SUMIFS(Games[T],Games[Team],H5,Games[Season],$B$1) -> 0 | M5: =IF(COUNTIFS(Games[Team],H5,Games[Season],$B$1)=0,"",SUMIFS(Games[PostGmRate],Games[Team],H5,Games[Season],$B$1,Games[Week],_xlfn.MAXIFS(Games[Week],Games[Team],H5,Games[Season],$B$1))) -> 1407.2935 | N5: =IF($M5="",-999999+ROW()/1000000,$M5+ROW()/1000000) -> 1407.2935
A6: =INDEX($H$5:$H$36,MATCH(LARGE($N$5:$N$36,ROW()-4),$N$5:$N$36,0)) -> CAR | B6: =INDEX($I$5:$I$36,MATCH(LARGE($N$5:$N$36,ROW()-4),$N$5:$N$36,0)) -> Carolina Panthers | C6: =INDEX($J$5:$J$36,MATCH(LARGE($N$5:$N$36,ROW()-4),$N$5:$N$36,0)) -> 12 | D6: =INDEX($K$5:$K$36,MATCH(LARGE($N$5:$N$36,ROW()-4),$N$5:$N$36,0)) -> 4 | E6: =INDEX($L$5:$L$36,MATCH(LARGE($N$5:$N$36,ROW()-4),$N$5:$N$36,0)) -> 0 | F6: =INDEX($M$5:$M$36,MATCH(LARGE($N$5:$N$36,ROW()-4),$N$5:$N$36,0)) -> 1648.7781 | H6: =Teams!A9 -> ATL | I6: =Teams!B9 -> Atlanta Falcons | J6: =SUMIFS(Games[W],Games[Team],H6,Games[Season],$B$1) -> 3 | K6: =SUMIFS(Games[L],Games[Team],H6,Games[Season],$B$1) -> 13 | L6: =SUMIFS(Games[T],Games[Team],H6,Games[Season],$B$1) -> 0 | M6: =IF(COUNTIFS(Games[Team],H6,Games[Season],$B$1)=0,"",SUMIFS(Games[PostGmRate],Games[Team],H6,Games[Season],$B$1,Games[Week],_xlfn.MAXIFS(Games[Week],Games[Team],H6,Games[Season],$B$1))) -> 1330.3069 | N6: =IF($M6="",-999999+ROW()/1000000,$M6+ROW()/1000000) -> 1330.3069
A7: =INDEX($H$5:$H$36,MATCH(LARGE($N$5:$N$36,ROW()-4),$N$5:$N$36,0)) -> NE | B7: =INDEX($I$5:$I$36,MATCH(LARGE($N$5:$N$36,ROW()-4),$N$5:$N$36,0)) -> New England Patriots | C7: =INDEX($J$5:$J$36,MATCH(LARGE($N$5:$N$36,ROW()-4),$N$5:$N$36,0)) -> 11 | D7: =INDEX($K$5:$K$36,MATCH(LARGE($N$5:$N$36,ROW()-4),$N$5:$N$36,0)) -> 5 | E7: =INDEX($L$5:$L$36,MATCH(LARGE($N$5:$N$36,ROW()-4),$N$5:$N$36,0)) -> 0 | F7: =INDEX($M$5:$M$36,MATCH(LARGE($N$5:$N$36,ROW()-4),$N$5:$N$36,0)) -> 1637.2846 | H7: =Teams!A10 -> BAL | I7: =Teams!B10 -> Baltimore Ravens | J7: =SUMIFS(Games[W],Games[Team],H7,Games[Season],$B$1) -> 4 | K7: =SUMIFS(Games[L],Games[Team],H7,Games[Season],$B$1) -> 12 | L7: =SUMIFS(Games[T],Games[Team],H7,Games[Season],$B$1) -> 0 | M7: =IF(COUNTIFS(Games[Team],H7,Games[Season],$B$1)=0,"",SUMIFS(Games[PostGmRate],Games[Team],H7,Games[Season],$B$1,Games[Week],_xlfn.MAXIFS(Games[Week],Games[Team],H7,Games[Season],$B$1))) -> 1405.344 | N7: =IF($M7="",-999999+ROW()/1000000,$M7+ROW()/1000000) -> 1405.344
A8: =INDEX($H$5:$H$36,MATCH(LARGE($N$5:$N$36,ROW()-4),$N$5:$N$36,0)) -> SF | B8: =INDEX($I$5:$I$36,MATCH(LARGE($N$5:$N$36,ROW()-4),$N$5:$N$36,0)) -> San Francisco 49ers | C8: =INDEX($J$5:$J$36,MATCH(LARGE($N$5:$N$36,ROW()-4),$N$5:$N$36,0)) -> 12 | D8: =INDEX($K$5:$K$36,MATCH(LARGE($N$5:$N$36,ROW()-4),$N$5:$N$36,0)) -> 4 | E8: =INDEX($L$5:$L$36,MATCH(LARGE($N$5:$N$36,ROW()-4),$N$5:$N$36,0)) -> 0 | F8: =INDEX($M$5:$M$36,MATCH(LARGE($N$5:$N$36,ROW()-4),$N$5:$N$36,0)) -> 1636.0703 | H8: =Teams!A11 -> BUF | I8: =Teams!B11 -> Buffalo Bills | J8: =SUMIFS(Games[W],Games[Team],H8,Games[Season],$B$1) -> 10 | K8: =SUMIFS(Games[L],Games[Team],H8,Games[Season],$B$1) -> 6 | L8: =SUMIFS(Games[T],Games[Team],H8,Games[Season],$B$1) -> 0 | M8: =IF(COUNTIFS(Games[Team],H8,Games[Season],$B$1)=0,"",SUMIFS(Games[PostGmRate],Games[Team],H8,Games[Season],$B$1,Games[Week],_xlfn.MAXIFS(Games[Week],Games[Team],H8,Games[Season],$B$1))) -> 1538.7625 | N8: =IF($M8="",-999999+ROW()/1000000,$M8+ROW()/1000000) -> 1538.7625
A9: =INDEX($H$5:$H$36,MATCH(LARGE($N$5:$N$36,ROW()-4),$N$5:$N$36,0)) -> DEN | B9: =INDEX($I$5:$I$36,MATCH(LARGE($N$5:$N$36,ROW()-4),$N$5:$N$36,0)) -> Denver Broncos | C9: =INDEX($J$5:$J$36,MATCH(LARGE($N$5:$N$36,ROW()-4),$N$5:$N$36,0)) -> 13 | D9: =INDEX($K$5:$K$36,MATCH(LARGE($N$5:$N$36,ROW()-4),$N$5:$N$36,0)) -> 3 | E9: =INDEX($L$5:$L$36,MATCH(LARGE($N$5:$N$36,ROW()-4),$N$5:$N$36,0)) -> 0 | F9: =INDEX($M$5:$M$36,MATCH(LARGE($N$5:$N$36,ROW()-4),$N$5:$N$36,0)) -> 1631.3618 | H9: =Teams!A12 -> CAR | I9: =Teams!B12 -> Carolina Panthers | J9: =SUMIFS(Games[W],Games[Team],H9,Games[Season],$B$1) -> 12 | K9: =SUMIFS(Games[L],Games[Team],H9,Games[Season],$B$1) -> 4 | L9: =SUMIFS(Games[T],Games[Team],H9,Games[Season],$B$1) -> 0 | M9: =IF(COUNTIFS(Games[Team],H9,Games[Season],$B$1)=0,"",SUMIFS(Games[PostGmRate],Games[Team],H9,Games[Season],$B$1,Games[Week],_xlfn.MAXIFS(Games[Week],Games[Team],H9,Games[Season],$B$1))) -> 1648.7781 | N9: =IF($M9="",-999999+ROW()/1000000,$M9+ROW()/1000000) -> 1648.7781
A10: =INDEX($H$5:$H$36,MATCH(LARGE($N$5:$N$36,ROW()-4),$N$5:$N$36,0)) -> DAL | B10: =INDEX($I$5:$I$36,MATCH(LARGE($N$5:$N$36,ROW()-4),$N$5:$N$36,0)) -> Dallas Cowboys | C10: =INDEX($J$5:$J$36,MATCH(LARGE($N$5:$N$36,ROW()-4),$N$5:$N$36,0)) -> 10 | D10: =INDEX($K$5:$K$36,MATCH(LARGE($N$5:$N$36,ROW()-4),$N$5:$N$36,0)) -> 6 | E10: =INDEX($L$5:$L$36,MATCH(LARGE($N$5:$N$36,ROW()-4),$N$5:$N$36,0)) -> 0 | F10: =INDEX($M$5:$M$36,MATCH(LARGE($N$5:$N$36,ROW()-4),$N$5:$N$36,0)) -> 1572.4212 | H10: =Teams!A13 -> CHI | I10: =Teams!B13 -> Chicago Bears | J10: =SUMIFS(Games[W],Games[Team],H10,Games[Season],$B$1) -> 7 | K10: =SUMIFS(Games[L],Games[Team],H10,Games[Season],$B$1) -> 9 | L10: =SUMIFS(Games[T],Games[Team],H10,Games[Season],$B$1) -> 0 | M10: =IF(COUNTIFS(Games[Team],H10,Games[Season],$B$1)=0,"",SUMIFS(Games[PostGmRate],Games[Team],H10,Games[Season],$B$1,Games[Week],_xlfn.MAXIFS(Games[Week],Games[Team],H10,Games[Season],$B$1))) -> 1469.7707 | N10: =IF($M10="",-999999+ROW()/1000000,$M10+ROW()/1000000) -> 1469.7707
A11: =INDEX($H$5:$H$36,MATCH(LARGE($N$5:$N$36,ROW()-4),$N$5:$N$36,0)) -> PIT | B11: =INDEX($I$5:$I$36,MATCH(LARGE($N$5:$N$36,ROW()-4),$N$5:$N$36,0)) -> Pittsburgh Steelers | C11: =INDEX($J$5:$J$36,MATCH(LARGE($N$5:$N$36,ROW()-4),$N$5:$N$36,0)) -> 10 | D11: =INDEX($K$5:$K$36,MATCH(LARGE($N$5:$N$36,ROW()-4),$N$5:$N$36,0)) -> 6 | E11: =INDEX($L$5:$L$36,MATCH(LARGE($N$5:$N$36,ROW()-4),$N$5:$N$36,0)) -> 0 | F11: =INDEX($M$5:$M$36,MATCH(LARGE($N$5:$N$36,ROW()-4),$N$5:$N$36,0)) -> 1559.753 | H11: =Teams!A14 -> CIN | I11: =Teams!B14 -> Cincinnati Bengals | J11: =SUMIFS(Games[W],Games[Team],H11,Games[Season],$B$1) -> 8 | K11: =SUMIFS(Games[L],Games[Team],H11,Games[Season],$B$1) -> 8 | L11: =SUMIFS(Games[T],Games[Team],H11,Games[Season],$B$1) -> 0 | M11: =IF(COUNTIFS(Games[Team],H11,Games[Season],$B$1)=0,"",SUMIFS(Games[PostGmRate],Games[Team],H11,Games[Season],$B$1,Games[Week],_xlfn.MAXIFS(Games[Week],Games[Team],H11,Games[Season],$B$1))) -> 1526.5574 | N11: =IF($M11="",-999999+ROW()/1000000,$M11+ROW()/1000000) -> 1526.5575
A12: =INDEX($H$5:$H$36,MATCH(LARGE($N$5:$N$36,ROW()-4),$N$5:$N$36,0)) -> WAS | B12: =INDEX($I$5:$I$36,MATCH(LARGE($N$5:$N$36,ROW()-4),$N$5:$N$36,0)) -> Washington Redskins | C12: =INDEX($J$5:$J$36,MATCH(LARGE($N$5:$N$36,ROW()-4),$N$5:$N$36,0)) -> 9 | D12: =INDEX($K$5:$K$36,MATCH(LARGE($N$5:$N$36,ROW()-4),$N$5:$N$36,0)) -> 7 | E12: =INDEX($L$5:$L$36,MATCH(LARGE($N$5:$N$36,ROW()-4),$N$5:$N$36,0)) -> 0 | F12: =INDEX($M$5:$M$36,MATCH(LARGE($N$5:$N$36,ROW()-4),$N$5:$N$36,0)) -> 1553.5608 | H12: =Teams!#REF! -> #REF! | I12: =Teams!#REF! -> #REF! | J12: =SUMIFS(Games[W],Games[Team],H12,Games[Season],$B$1) -> 0 | K12: =SUMIFS(Games[L],Games[Team],H12,Games[Season],$B$1) -> 0 | L12: =SUMIFS(Games[T],Games[Team],H12,Games[Season],$B$1) -> 0 | M12: =IF(COUNTIFS(Games[Team],H12,Games[Season],$B$1)=0,"",SUMIFS(Games[PostGmRate],Games[Team],H12,Games[Season],$B$1,Games[Week],_xlfn.MAXIFS(Games[Week],Games[Team],H12,Games[Season],$B$1))) | N12: =IF($M12="",-999999+ROW()/1000000,$M12+ROW()/1000000) -> -999999
A13: =INDEX($H$5:$H$36,MATCH(LARGE($N$5:$N$36,ROW()-4),$N$5:$N$36,0)) -> OAK | B13: =INDEX($I$5:$I$36,MATCH(LARGE($N$5:$N$36,ROW()-4),$N$5:$N$36,0)) -> Oakland Raiders | C13: =INDEX($J$5:$J$36,MATCH(LARGE($N$5:$N$36,ROW()-4),$N$5:$N$36,0)) -> 7 | D13: =INDEX($K$5:$K$36,MATCH(LARGE($N$5:$N$36,ROW()-4),$N$5:$N$36,0)) -> 9 | E13: =INDEX($L$5:$L$36,MATCH(LARGE($N$5:$N$36,ROW()-4),$N$5:$N$36,0)) -> 0 | F13: =INDEX($M$5:$M$36,MATCH(LARGE($N$5:$N$36,ROW()-4),$N$5:$N$36,0)) -> 1549.9899 | H13: =Teams!A15 -> DAL | I13: =Teams!B15 -> Dallas Cowboys | J13: =SUMIFS(Games[W],Games[Team],H13,Games[Season],$B$1) -> 10 | K13: =SUMIFS(Games[L],Games[Team],H13,Games[Season],$B$1) -> 6 | L13: =SUMIFS(Games[T],Games[Team],H13,Games[Season],$B$1) -> 0 | M13: =IF(COUNTIFS(Games[Team],H13,Games[Season],$B$1)=0,"",SUMIFS(Games[PostGmRate],Games[Team],H13,Games[Season],$B$1,Games[Week],_xlfn.MAXIFS(Games[Week],Games[Team],H13,Games[Season],$B$1))) -> 1572.4212 | N13: =IF($M13="",-999999+ROW()/1000000,$M13+ROW()/1000000) -> 1572.4212
A14: =INDEX($H$5:$H$36,MATCH(LARGE($N$5:$N$36,ROW()-4),$N$5:$N$36,0)) -> BUF | B14: =INDEX($I$5:$I$36,MATCH(LARGE($N$5:$N$36,ROW()-4),$N$5:$N$36,0)) -> Buffalo Bills | C14: =INDEX($J$5:$J$36,MATCH(LARGE($N$5:$N$36,ROW()-4),$N$5:$N$36,0)) -> 10 | D14: =INDEX($K$5:$K$36,MATCH(LARGE($N$5:$N$36,ROW()-4),$N$5:$N$36,0)) -> 6 | E14: =INDEX($L$5:$L$36,MATCH(LARGE($N$5:$N$36,ROW()-4),$N$5:$N$36,0)) -> 0 | F14: =INDEX($M$5:$M$36,MATCH(LARGE($N$5:$N$36,ROW()-4),$N$5:$N$36,0)) -> 1538.7625 | H14: =Teams!A16 -> DEN | I14: =Teams!B16 -> Denver Broncos | J14: =SUMIFS(Games[W],Games[Team],H14,Games[Season],$B$1) -> 13 | K14: =SUMIFS(Games[L],Games[Team],H14,Games[Season],$B$1) -> 3 | L14: =SUMIFS(Games[T],Games[Team],H14,Games[Season],$B$1) -> 0 | M14: =IF(COUNTIFS(Games[Team],H14,Games[Season],$B$1)=0,"",SUMIFS(Games[PostGmRate],Games[Team],H14,Games[Season],$B$1,Games[Week],_xlfn.MAXIFS(Games[Week],Games[Team],H14,Games[Season],$B$1))) -> 1631.3618 | N14: =IF($M14="",-999999+ROW()/1000000,$M14+ROW()/1000000) -> 1631.3618
A15: =INDEX($H$5:$H$36,MATCH(LARGE($N$5:$N$36,ROW()-4),$N$5:$N$36,0)) -> PHI | B15: =INDEX($I$5:$I$36,MATCH(LARGE($N$5:$N$36,ROW()-4),$N$5:$N$36,0)) -> Philadelphia Eagles | C15: =INDEX($J$5:$J$36,MATCH(LARGE($N$5:$N$36,ROW()-4),$N$5:$N$36,0)) -> 10 | D15: =INDEX($K$5:$K$36,MATCH(LARGE($N$5:$N$36,ROW()-4),$N$5:$N$36,0)) -> 6 | E15: =INDEX($L$5:$L$36,MATCH(LARGE($N$5:$N$36,ROW()-4),$N$5:$N$36,0)) -> 0 | F15: =INDEX($M$5:$M$36,MATCH(LARGE($N$5:$N$36,ROW()-4),$N$5:$N$36,0)) -> 1528.66 | H15: =Teams!A17 -> DET | I15: =Teams!B17 -> Detroit Lions | J15: =SUMIFS(Games[W],Games[Team],H15,Games[Season],$B$1) -> 5 | K15: =SUMIFS(Games[L],Games[Team],H15,Games[Season],$B$1) -> 11 | L15: =SUMIFS(Games[T],Games[Team],H15,Games[Season],$B$1) -> 0 | M15: =IF(COUNTIFS(Games[Team],H15,Games[Season],$B$1)=0,"",SUMIFS(Games[PostGmRate],Games[Team],H15,Games[Season],$B$1,Games[Week],_xlfn.MAXIFS(Games[Week],Games[Team],H15,Games[Season],$B$1))) -> 1394.9023 | N15: =IF($M15="",-999999+ROW()/1000000,$M15+ROW()/1000000) -> 1394.9023
A16: =INDEX($H$5:$H$36,MATCH(LARGE($N$5:$N$36,ROW()-4),$N$5:$N$36,0)) -> CIN | B16: =INDEX($I$5:$I$36,MATCH(LARGE($N$5:$N$36,ROW()-4),$N$5:$N$36,0)) -> Cincinnati Bengals | C16: =INDEX($J$5:$J$36,MATCH(LARGE($N$5:$N$36,ROW()-4),$N$5:$N$36,0)) -> 8 | D16: =INDEX($K$5:$K$36,MATCH(LARGE($N$5:$N$36,ROW()-4),$N$5:$N$36,0)) -> 8 | E16: =INDEX($L$5:$L$36,MATCH(LARGE($N$5:$N$36,ROW()-4),$N$5:$N$36,0)) -> 0 | F16: =INDEX($M$5:$M$36,MATCH(LARGE($N$5:$N$36,ROW()-4),$N$5:$N$36,0)) -> 1526.5574 | H16: =Teams!A18 -> GB | I16: =Teams!B18 -> Green Bay Packers | J16: =SUMIFS(Games[W],Games[Team],H16,Games[Season],$B$1) -> 13 | K16: =SUMIFS(Games[L],Games[Team],H16,Games[Season],$B$1) -> 3 | L16: =SUMIFS(Games[T],Games[Team],H16,Games[Season],$B$1) -> 0 | M16: =IF(COUNTIFS(Games[Team],H16,Games[Season],$B$1)=0,"",SUMIFS(Games[PostGmRate],Games[Team],H16,Games[Season],$B$1,Games[Week],_xlfn.MAXIFS(Games[Week],Games[Team],H16,Games[Season],$B$1))) -> 1788.3075 | N16: =IF($M16="",-999999+ROW()/1000000,$M16+ROW()/1000000) -> 1788.3075
A17: =INDEX($H$5:$H$36,MATCH(LARGE($N$5:$N$36,ROW()-4),$N$5:$N$36,0)) -> JAX | B17: =INDEX($I$5:$I$36,MATCH(LARGE($N$5:$N$36,ROW()-4),$N$5:$N$36,0)) -> Jacksonville Jaguars | C17: =INDEX($J$5:$J$36,MATCH(LARGE($N$5:$N$36,ROW()-4),$N$5:$N$36,0)) -> 9 | D17: =INDEX($K$5:$K$36,MATCH(LARGE($N$5:$N$36,ROW()-4),$N$5:$N$36,0)) -> 7 | E17: =INDEX($L$5:$L$36,MATCH(LARGE($N$5:$N$36,ROW()-4),$N$5:$N$36,0)) -> 0 | F17: =INDEX($M$5:$M$36,MATCH(LARGE($N$5:$N$36,ROW()-4),$N$5:$N$36,0)) -> 1516.65 | H17: =Teams!#REF! -> #REF! | I17: =Teams!#REF! -> #REF! | J17: =SUMIFS(Games[W],Games[Team],H17,Games[Season],$B$1) -> 0 | K17: =SUMIFS(Games[L],Games[Team],H17,Games[Season],$B$1) -> 0 | L17: =SUMIFS(Games[T],Games[Team],H17,Games[Season],$B$1) -> 0 | M17: =IF(COUNTIFS(Games[Team],H17,Games[Season],$B$1)=0,"",SUMIFS(Games[PostGmRate],Games[Team],H17,Games[Season],$B$1,Games[Week],_xlfn.MAXIFS(Games[Week],Games[Team],H17,Games[Season],$B$1))) | N17: =IF($M17="",-999999+ROW()/1000000,$M17+ROW()/1000000) -> -999999
A18: =INDEX($H$5:$H$36,MATCH(LARGE($N$5:$N$36,ROW()-4),$N$5:$N$36,0)) -> MIA | B18: =INDEX($I$5:$I$36,MATCH(LARGE($N$5:$N$36,ROW()-4),$N$5:$N$36,0)) -> Miami Dolphins | C18: =INDEX($J$5:$J$36,MATCH(LARGE($N$5:$N$36,ROW()-4),$N$5:$N$36,0)) -> 8 | D18: =INDEX($K$5:$K$36,MATCH(LARGE($N$5:$N$36,ROW()-4),$N$5:$N$36,0)) -> 8 | E18: =INDEX($L$5:$L$36,MATCH(LARGE($N$5:$N$36,ROW()-4),$N$5:$N$36,0)) -> 0 | F18: =INDEX($M$5:$M$36,MATCH(LARGE($N$5:$N$36,ROW()-4),$N$5:$N$36,0)) -> 1502.8317 | H18: =Teams!A19 -> TEN | I18: =Teams!B19 -> Houston Oilers | J18: =SUMIFS(Games[W],Games[Team],H18,Games[Season],$B$1) -> 8 | K18: =SUMIFS(Games[L],Games[Team],H18,Games[Season],$B$1) -> 8 | L18: =SUMIFS(Games[T],Games[Team],H18,Games[Season],$B$1) -> 0 | M18: =IF(COUNTIFS(Games[Team],H18,Games[Season],$B$1)=0,"",SUMIFS(Games[PostGmRate],Games[Team],H18,Games[Season],$B$1,Games[Week],_xlfn.MAXIFS(Games[Week],Games[Team],H18,Games[Season],$B$1))) -> 1493.5176 | N18: =IF($M18="",-999999+ROW()/1000000,$M18+ROW()/1000000) -> 1493.5176
A19: =INDEX($H$5:$H$36,MATCH(LARGE($N$5:$N$36,ROW()-4),$N$5:$N$36,0)) -> KC | B19: =INDEX($I$5:$I$36,MATCH(LARGE($N$5:$N$36,ROW()-4),$N$5:$N$36,0)) -> Kansas City Chiefs | C19: =INDEX($J$5:$J$36,MATCH(LARGE($N$5:$N$36,ROW()-4),$N$5:$N$36,0)) -> 9 | D19: =INDEX($K$5:$K$36,MATCH(LARGE($N$5:$N$36,ROW()-4),$N$5:$N$36,0)) -> 7 | E19: =INDEX($L$5:$L$36,MATCH(LARGE($N$5:$N$36,ROW()-4),$N$5:$N$36,0)) -> 0 | F19: =INDEX($M$5:$M$36,MATCH(LARGE($N$5:$N$36,ROW()-4),$N$5:$N$36,0)) -> 1494.8938 | H19: =Teams!A20 -> IND | I19: =Teams!B20 -> Indianapolis Colts | J19: =SUMIFS(Games[W],Games[Team],H19,Games[Season],$B$1) -> 9 | K19: =SUMIFS(Games[L],Games[Team],H19,Games[Season],$B$1) -> 7 | L19: =SUMIFS(Games[T],Games[Team],H19,Games[Season],$B$1) -> 0 | M19: =IF(COUNTIFS(Games[Team],H19,Games[Season],$B$1)=0,"",SUMIFS(Games[PostGmRate],Games[Team],H19,Games[Season],$B$1,Games[Week],_xlfn.MAXIFS(Games[Week],Games[Team],H19,Games[Season],$B$1))) -> 1473.5612 | N19: =IF($M19="",-999999+ROW()/1000000,$M19+ROW()/1000000) -> 1473.5612
A20: =INDEX($H$5:$H$36,MATCH(LARGE($N$5:$N$36,ROW()-4),$N$5:$N$36,0)) -> TEN | B20: =INDEX($I$5:$I$36,MATCH(LARGE($N$5:$N$36,ROW()-4),$N$5:$N$36,0)) -> Houston Oilers | C20: =INDEX($J$5:$J$36,MATCH(LARGE($N$5:$N$36,ROW()-4),$N$5:$N$36,0)) -> 8 | D20: =INDEX($K$5:$K$36,MATCH(LARGE($N$5:$N$36,ROW()-4),$N$5:$N$36,0)) -> 8 | E20: =INDEX($L$5:$L$36,MATCH(LARGE($N$5:$N$36,ROW()-4),$N$5:$N$36,0)) -> 0 | F20: =INDEX($M$5:$M$36,MATCH(LARGE($N$5:$N$36,ROW()-4),$N$5:$N$36,0)) -> 1493.5176 | H20: =Teams!A21 -> JAX | I20: =Teams!B21 -> Jacksonville Jaguars | J20: =SUMIFS(Games[W],Games[Team],H20,Games[Season],$B$1) -> 9 | K20: =SUMIFS(Games[L],Games[Team],H20,Games[Season],$B$1) -> 7 | L20: =SUMIFS(Games[T],Games[Team],H20,Games[Season],$B$1) -> 0 | M20: =IF(COUNTIFS(Games[Team],H20,Games[Season],$B$1)=0,"",SUMIFS(Games[PostGmRate],Games[Team],H20,Games[Season],$B$1,Games[Week],_xlfn.MAXIFS(Games[Week],Games[Team],H20,Games[Season],$B$1))) -> 1516.65 | N20: =IF($M20="",-999999+ROW()/1000000,$M20+ROW()/1000000) -> 1516.6501
A21: =INDEX($H$5:$H$36,MATCH(LARGE($N$5:$N$36,ROW()-4),$N$5:$N$36,0)) -> SEA | B21: =INDEX($I$5:$I$36,MATCH(LARGE($N$5:$N$36,ROW()-4),$N$5:$N$36,0)) -> Seattle Seahawks | C21: =INDEX($J$5:$J$36,MATCH(LARGE($N$5:$N$36,ROW()-4),$N$5:$N$36,0)) -> 7 | D21: =INDEX($K$5:$K$36,MATCH(LARGE($N$5:$N$36,ROW()-4),$N$5:$N$36,0)) -> 9 | E21: =INDEX($L$5:$L$36,MATCH(LARGE($N$5:$N$36,ROW()-4),$N$5:$N$36,0)) -> 0 | F21: =INDEX($M$5:$M$36,MATCH(LARGE($N$5:$N$36,ROW()-4),$N$5:$N$36,0)) -> 1483.5946 | H21: =Teams!A22 -> KC | I21: =Teams!B22 -> Kansas City Chiefs | J21: =SUMIFS(Games[W],Games[Team],H21,Games[Season],$B$1) -> 9 | K21: =SUMIFS(Games[L],Games[Team],H21,Games[Season],$B$1) -> 7 | L21: =SUMIFS(Games[T],Games[Team],H21,Games[Season],$B$1) -> 0 | M21: =IF(COUNTIFS(Games[Team],H21,Games[Season],$B$1)=0,"",SUMIFS(Games[PostGmRate],Games[Team],H21,Games[Season],$B$1,Games[Week],_xlfn.MAXIFS(Games[Week],Games[Team],H21,Games[Season],$B$1))) -> 1494.8938 | N21: =IF($M21="",-999999+ROW()/1000000,$M21+ROW()/1000000) -> 1494.8938
A22: =INDEX($H$5:$H$36,MATCH(LARGE($N$5:$N$36,ROW()-4),$N$5:$N$36,0)) -> MIN | B22: =INDEX($I$5:$I$36,MATCH(LARGE($N$5:$N$36,ROW()-4),$N$5:$N$36,0)) -> Minnesota Vikings | C22: =INDEX($J$5:$J$36,MATCH(LARGE($N$5:$N$36,ROW()-4),$N$5:$N$36,0)) -> 9 | D22: =INDEX($K$5:$K$36,MATCH(LARGE($N$5:$N$36,ROW()-4),$N$5:$N$36,0)) -> 7 | E22: =INDEX($L$5:$L$36,MATCH(LARGE($N$5:$N$36,ROW()-4),$N$5:$N$36,0)) -> 0 | F22: =INDEX($M$5:$M$36,MATCH(LARGE($N$5:$N$36,ROW()-4),$N$5:$N$36,0)) -> 1478.5493 | H22: =Teams!A23 -> MIA | I22: =Teams!B23 -> Miami Dolphins | J22: =SUMIFS(Games[W],Games[Team],H22,Games[Season],$B$1) -> 8 | K22: =SUMIFS(Games[L],Games[Team],H22,Games[Season],$B$1) -> 8 | L22: =SUMIFS(Games[T],Games[Team],H22,Games[Season],$B$1) -> 0 | M22: =IF(COUNTIFS(Games[Team],H22,Games[Season],$B$1)=0,"",SUMIFS(Games[PostGmRate],Games[Team],H22,Games[Season],$B$1,Games[Week],_xlfn.MAXIFS(Games[Week],Games[Team],H22,Games[Season],$B$1))) -> 1502.8317 | N22: =IF($M22="",-999999+ROW()/1000000,$M22+ROW()/1000000) -> 1502.8317
A23: =INDEX($H$5:$H$36,MATCH(LARGE($N$5:$N$36,ROW()-4),$N$5:$N$36,0)) -> IND | B23: =INDEX($I$5:$I$36,MATCH(LARGE($N$5:$N$36,ROW()-4),$N$5:$N$36,0)) -> Indianapolis Colts | C23: =INDEX($J$5:$J$36,MATCH(LARGE($N$5:$N$36,ROW()-4),$N$5:$N$36,0)) -> 9 | D23: =INDEX($K$5:$K$36,MATCH(LARGE($N$5:$N$36,ROW()-4),$N$5:$N$36,0)) -> 7 | E23: =INDEX($L$5:$L$36,MATCH(LARGE($N$5:$N$36,ROW()-4),$N$5:$N$36,0)) -> 0 | F23: =INDEX($M$5:$M$36,MATCH(LARGE($N$5:$N$36,ROW()-4),$N$5:$N$36,0)) -> 1473.5612 | H23: =Teams!A24 -> MIN | I23: =Teams!B24 -> Minnesota Vikings | J23: =SUMIFS(Games[W],Games[Team],H23,Games[Season],$B$1) -> 9 | K23: =SUMIFS(Games[L],Games[Team],H23,Games[Season],$B$1) -> 7 | L23: =SUMIFS(Games[T],Games[Team],H23,Games[Season],$B$1) -> 0 | M23: =IF(COUNTIFS(Games[Team],H23,Games[Season],$B$1)=0,"",SUMIFS(Games[PostGmRate],Games[Team],H23,Games[Season],$B$1,Games[Week],_xlfn.MAXIFS(Games[Week],Games[Team],H23,Games[Season],$B$1))) -> 1478.5493 | N23: =IF($M23="",-999999+ROW()/1000000,$M23+ROW()/1000000) -> 1478.5493
A24: =INDEX($H$5:$H$36,MATCH(LARGE($N$5:$N$36,ROW()-4),$N$5:$N$36,0)) -> CHI | B24: =INDEX($I$5:$I$36,MATCH(LARGE($N$5:$N$36,ROW()-4),$N$5:$N$36,0)) -> Chicago Bears | C24: =INDEX($J$5:$J$36,MATCH(LARGE($N$5:$N$36,ROW()-4),$N$5:$N$36,0)) -> 7 | D24: =INDEX($K$5:$K$36,MATCH(LARGE($N$5:$N$36,ROW()-4),$N$5:$N$36,0)) -> 9 | E24: =INDEX($L$5:$L$36,MATCH(LARGE($N$5:$N$36,ROW()-4),$N$5:$N$36,0)) -> 0 | F24: =INDEX($M$5:$M$36,MATCH(LARGE($N$5:$N$36,ROW()-4),$N$5:$N$36,0)) -> 1469.7707 | H24: =Teams!A25 -> NE | I24: =Teams!B25 -> New England Patriots | J24: =SUMIFS(Games[W],Games[Team],H24,Games[Season],$B$1) -> 11 | K24: =SUMIFS(Games[L],Games[Team],H24,Games[Season],$B$1) -> 5 | L24: =SUMIFS(Games[T],Games[Team],H24,Games[Season],$B$1) -> 0 | M24: =IF(COUNTIFS(Games[Team],H24,Games[Season],$B$1)=0,"",SUMIFS(Games[PostGmRate],Games[Team],H24,Games[Season],$B$1,Games[Week],_xlfn.MAXIFS(Games[Week],Games[Team],H24,Games[Season],$B$1))) -> 1637.2846 | N24: =IF($M24="",-999999+ROW()/1000000,$M24+ROW()/1000000) -> 1637.2846
A25: =INDEX($H$5:$H$36,MATCH(LARGE($N$5:$N$36,ROW()-4),$N$5:$N$36,0)) -> SD | B25: =INDEX($I$5:$I$36,MATCH(LARGE($N$5:$N$36,ROW()-4),$N$5:$N$36,0)) -> San Diego Chargers | C25: =INDEX($J$5:$J$36,MATCH(LARGE($N$5:$N$36,ROW()-4),$N$5:$N$36,0)) -> 8 | D25: =INDEX($K$5:$K$36,MATCH(LARGE($N$5:$N$36,ROW()-4),$N$5:$N$36,0)) -> 8 | E25: =INDEX($L$5:$L$36,MATCH(LARGE($N$5:$N$36,ROW()-4),$N$5:$N$36,0)) -> 0 | F25: =INDEX($M$5:$M$36,MATCH(LARGE($N$5:$N$36,ROW()-4),$N$5:$N$36,0)) -> 1455.1769 | H25: =Teams!A26 -> NO | I25: =Teams!B26 -> New Orleans Saints | J25: =SUMIFS(Games[W],Games[Team],H25,Games[Season],$B$1) -> 3 | K25: =SUMIFS(Games[L],Games[Team],H25,Games[Season],$B$1) -> 13 | L25: =SUMIFS(Games[T],Games[Team],H25,Games[Season],$B$1) -> 0 | M25: =IF(COUNTIFS(Games[Team],H25,Games[Season],$B$1)=0,"",SUMIFS(Games[PostGmRate],Games[Team],H25,Games[Season],$B$1,Games[Week],_xlfn.MAXIFS(Games[Week],Games[Team],H25,Games[Season],$B$1))) -> 1314.5722 | N25: =IF($M25="",-999999+ROW()/1000000,$M25+ROW()/1000000) -> 1314.5722
A26: =INDEX($H$5:$H$36,MATCH(LARGE($N$5:$N$36,ROW()-4),$N$5:$N$36,0)) -> NYG | B26: =INDEX($I$5:$I$36,MATCH(LARGE($N$5:$N$36,ROW()-4),$N$5:$N$36,0)) -> New York Giants | C26: =INDEX($J$5:$J$36,MATCH(LARGE($N$5:$N$36,ROW()-4),$N$5:$N$36,0)) -> 6 | D26: =INDEX($K$5:$K$36,MATCH(LARGE($N$5:$N$36,ROW()-4),$N$5:$N$36,0)) -> 10 | E26: =INDEX($L$5:$L$36,MATCH(LARGE($N$5:$N$36,ROW()-4),$N$5:$N$36,0)) -> 0 | F26: =INDEX($M$5:$M$36,MATCH(LARGE($N$5:$N$36,ROW()-4),$N$5:$N$36,0)) -> 1445.5106 | H26: =Teams!A27 -> NYG | I26: =Teams!B27 -> New York Giants | J26: =SUMIFS(Games[W],Games[Team],H26,Games[Season],$B$1) -> 6 | K26: =SUMIFS(Games[L],Games[Team],H26,Games[Season],$B$1) -> 10 | L26: =SUMIFS(Games[T],Games[Team],H26,Games[Season],$B$1) -> 0 | M26: =IF(COUNTIFS(Games[Team],H26,Games[Season],$B$1)=0,"",SUMIFS(Games[PostGmRate],Games[Team],H26,Games[Season],$B$1,Games[Week],_xlfn.MAXIFS(Games[Week],Games[Team],H26,Games[Season],$B$1))) -> 1445.5106 | N26: =IF($M26="",-999999+ROW()/1000000,$M26+ROW()/1000000) -> 1445.5106
A27: =INDEX($H$5:$H$36,MATCH(LARGE($N$5:$N$36,ROW()-4),$N$5:$N$36,0)) -> TB | B27: =INDEX($I$5:$I$36,MATCH(LARGE($N$5:$N$36,ROW()-4),$N$5:$N$36,0)) -> Tampa Bay Buccaneers | C27: =INDEX($J$5:$J$36,MATCH(LARGE($N$5:$N$36,ROW()-4),$N$5:$N$36,0)) -> 6 | D27: =INDEX($K$5:$K$36,MATCH(LARGE($N$5:$N$36,ROW()-4),$N$5:$N$36,0)) -> 10 | E27: =INDEX($L$5:$L$36,MATCH(LARGE($N$5:$N$36,ROW()-4),$N$5:$N$36,0)) -> 0 | F27: =INDEX($M$5:$M$36,MATCH(LARGE($N$5:$N$36,ROW()-4),$N$5:$N$36,0)) -> 1437.6551 | H27: =Teams!A28 -> NYJ | I27: =Teams!B28 -> New York Jets | J27: =SUMIFS(Games[W],Games[Team],H27,Games[Season],$B$1) -> 1 | K27: =SUMIFS(Games[L],Games[Team],H27,Games[Season],$B$1) -> 15 | L27: =SUMIFS(Games[T],Games[Team],H27,Games[Season],$B$1) -> 0 | M27: =IF(COUNTIFS(Games[Team],H27,Games[Season],$B$1)=0,"",SUMIFS(Games[PostGmRate],Games[Team],H27,Games[Season],$B$1,Games[Week],_xlfn.MAXIFS(Games[Week],Games[Team],H27,Games[Season],$B$1))) -> 1297.7428 | N27: =IF($M27="",-999999+ROW()/1000000,$M27+ROW()/1000000) -> 1297.7428
A28: =INDEX($H$5:$H$36,MATCH(LARGE($N$5:$N$36,ROW()-4),$N$5:$N$36,0)) -> STL | B28: =INDEX($I$5:$I$36,MATCH(LARGE($N$5:$N$36,ROW()-4),$N$5:$N$36,0)) -> St. Louis Rams | C28: =INDEX($J$5:$J$36,MATCH(LARGE($N$5:$N$36,ROW()-4),$N$5:$N$36,0)) -> 6 | D28: =INDEX($K$5:$K$36,MATCH(LARGE($N$5:$N$36,ROW()-4),$N$5:$N$36,0)) -> 10 | E28: =INDEX($L$5:$L$36,MATCH(LARGE($N$5:$N$36,ROW()-4),$N$5:$N$36,0)) -> 0 | F28: =INDEX($M$5:$M$36,MATCH(LARGE($N$5:$N$36,ROW()-4),$N$5:$N$36,0)) -> 1425.4593 | H28: =Teams!A29 -> OAK | I28: =Teams!B29 -> Oakland Raiders | J28: =SUMIFS(Games[W],Games[Team],H28,Games[Season],$B$1) -> 7 | K28: =SUMIFS(Games[L],Games[Team],H28,Games[Season],$B$1) -> 9 | L28: =SUMIFS(Games[T],Games[Team],H28,Games[Season],$B$1) -> 0 | M28: =IF(COUNTIFS(Games[Team],H28,Games[Season],$B$1)=0,"",SUMIFS(Games[PostGmRate],Games[Team],H28,Games[Season],$B$1,Games[Week],_xlfn.MAXIFS(Games[Week],Games[Team],H28,Games[Season],$B$1))) -> 1549.9899 | N28: =IF($M28="",-999999+ROW()/1000000,$M28+ROW()/1000000) -> 1549.9899
A29: =INDEX($H$5:$H$36,MATCH(LARGE($N$5:$N$36,ROW()-4),$N$5:$N$36,0)) -> ARI | B29: =INDEX($I$5:$I$36,MATCH(LARGE($N$5:$N$36,ROW()-4),$N$5:$N$36,0)) -> Arizona Cardinals | C29: =INDEX($J$5:$J$36,MATCH(LARGE($N$5:$N$36,ROW()-4),$N$5:$N$36,0)) -> 7 | D29: =INDEX($K$5:$K$36,MATCH(LARGE($N$5:$N$36,ROW()-4),$N$5:$N$36,0)) -> 9 | E29: =INDEX($L$5:$L$36,MATCH(LARGE($N$5:$N$36,ROW()-4),$N$5:$N$36,0)) -> 0 | F29: =INDEX($M$5:$M$36,MATCH(LARGE($N$5:$N$36,ROW()-4),$N$5:$N$36,0)) -> 1407.2935 | H29: =Teams!A30 -> PHI | I29: =Teams!B30 -> Philadelphia Eagles | J29: =SUMIFS(Games[W],Games[Team],H29,Games[Season],$B$1) -> 10 | K29: =SUMIFS(Games[L],Games[Team],H29,Games[Season],$B$1) -> 6 | L29: =SUMIFS(Games[T],Games[Team],H29,Games[Season],$B$1) -> 0 | M29: =IF(COUNTIFS(Games[Team],H29,Games[Season],$B$1)=0,"",SUMIFS(Games[PostGmRate],Games[Team],H29,Games[Season],$B$1,Games[Week],_xlfn.MAXIFS(Games[Week],Games[Team],H29,Games[Season],$B$1))) -> 1528.66 | N29: =IF($M29="",-999999+ROW()/1000000,$M29+ROW()/1000000) -> 1528.66
... A34: =INDEX($H$5:$H$36,MATCH(LARGE($N$5:$N$36,ROW()-4),$N$5:$N$36,0)) -> NYJ | B34: =INDEX($I$5:$I$36,MATCH(LARGE($N$5:$N$36,ROW()-4),$N$5:$N$36,0)) -> New York Jets | C34: =INDEX($J$5:$J$36,MATCH(LARGE($N$5:$N$36,ROW()-4),$N$5:$N$36,0)) -> 1 | D34: =INDEX($K$5:$K$36,MATCH(LARGE($N$5:$N$36,ROW()-4),$N$5:$N$36,0)) -> 15 | E34: =INDEX($L$5:$L$36,MATCH(LARGE($N$5:$N$36,ROW()-4),$N$5:$N$36,0)) -> 0 | F34: =INDEX($M$5:$M$36,MATCH(LARGE($N$5:$N$36,ROW()-4),$N$5:$N$36,0)) -> 1297.7428 | H34: =Teams!A35 -> STL | I34: =Teams!B35 -> St. Louis Rams | J34: =SUMIFS(Games[W],Games[Team],H34,Games[Season],$B$1) -> 6 | K34: =SUMIFS(Games[L],Games[Team],H34,Games[Season],$B$1) -> 10 | L34: =SUMIFS(Games[T],Games[Team],H34,Games[Season],$B$1) -> 0 | M34: =IF(COUNTIFS(Games[Team],H34,Games[Season],$B$1)=0,"",SUMIFS(Games[PostGmRate],Games[Team],H34,Games[Season],$B$1,Games[Week],_xlfn.MAXIFS(Games[Week],Games[Team],H34,Games[Season],$B$1))) -> 1425.4593 | N34: =IF($M34="",-999999+ROW()/1000000,$M34+ROW()/1000000) -> 1425.4594
H35: =Teams!A36 -> TB | I35: =Teams!B36 -> Tampa Bay Buccaneers | J35: =SUMIFS(Games[W],Games[Team],H35,Games[Season],$B$1) -> 6 | K35: =SUMIFS(Games[L],Games[Team],H35,Games[Season],$B$1) -> 10 | L35: =SUMIFS(Games[T],Games[Team],H35,Games[Season],$B$1) -> 0 | M35: =IF(COUNTIFS(Games[Team],H35,Games[Season],$B$1)=0,"",SUMIFS(Games[PostGmRate],Games[Team],H35,Games[Season],$B$1,Games[Week],_xlfn.MAXIFS(Games[Week],Games[Team],H35,Games[Season],$B$1))) -> 1437.6551 | N35: =IF($M35="",-999999+ROW()/1000000,$M35+ROW()/1000000) -> 1437.6551
H36: =Teams!A37 -> WAS | I36: =Teams!B37 -> Washington Redskins | J36: =SUMIFS(Games[W],Games[Team],H36,Games[Season],$B$1) -> 9 | K36: =SUMIFS(Games[L],Games[Team],H36,Games[Season],$B$1) -> 7 | L36: =SUMIFS(Games[T],Games[Team],H36,Games[Season],$B$1) -> 0 | M36: =IF(COUNTIFS(Games[Team],H36,Games[Season],$B$1)=0,"",SUMIFS(Games[PostGmRate],Games[Team],H36,Games[Season],$B$1,Games[Week],_xlfn.MAXIFS(Games[Week],Games[Team],H36,Games[Season],$B$1))) -> 1553.5608 | N36: =IF($M36="",-999999+ROW()/1000000,$M36+ROW()/1000000) -> 1553.5608
